race,driver,team,starting_position,strategy,pit_laps,scenario_name,expected_total_time,time_delta_to_best,risk_score,is_recommended,stops,starting_compound,best_safety_car_pit_lap,safety_car_gain_seconds,track_position_penalty,pit_loss_used,projected_finish_position,position_delta_from_start,position_outcome_score,pit_recovery_probability,expected_pit_cycle_position_loss,recommendation_reason
Japan,ALB,Williams,17,MEDIUM-HARD,15,early_safety_car,5157.6457,0.0,0.2205,True,1,MEDIUM,15.0,9.0,10.5417,13.0,19,2,19.255125,0.42252327044025156,2,Best expected race time for this scenario. Safety car window creates a cheaper stop opportunity around lap 15. High starting position penalty makes track position protection important. Projected finish: P19. Pit-cycle recovery probability: 0.42.
Japan,ALB,Williams,17,MEDIUM-HARD-MEDIUM,15-34,early_safety_car,5174.2307,16.585000000000036,0.34550000000000003,False,2,MEDIUM,15.0,9.0,10.5417,35.0,21,4,21.818075,0.39109469901168004,5,Alternative scenario plan benchmark. Safety car window creates a cheaper stop opportunity around lap 15. High starting position penalty makes track position protection important. Projected finish: P21. Pit-cycle recovery probability: 0.39.
Japan,ALB,Williams,17,MEDIUM-HARD-SOFT,15-47,early_safety_car,5179.1407,21.49499999999989,0.49550000000000005,False,2,MEDIUM,15.0,9.0,10.5417,35.0,21,4,21.953774999999997,0.40976136567834676,5,Alternative scenario plan benchmark. Safety car window creates a cheaper stop opportunity around lap 15. High starting position penalty makes track position protection important. Projected finish: P21. Pit-cycle recovery probability: 0.41.
Japan,ALB,Williams,17,MEDIUM-HARD,27,late_safety_car,5163.965699999999,0.0,0.2205,True,1,MEDIUM,,0.0,10.5417,22.0,20,3,20.355125,0.3608161725067385,4,Best expected race time for this scenario. High starting position penalty makes track position protection important. Projected finish: P20. Pit-cycle recovery probability: 0.36.
Japan,ALB,Williams,17,MEDIUM-HARD-MEDIUM,21-38,late_safety_car,5173.5907,9.62500000000091,0.34550000000000003,False,2,MEDIUM,38.0,10.345000000000255,10.5417,35.0,21,4,21.678875000000016,0.37071734052111405,5,Alternative scenario plan benchmark. Safety car window creates a cheaper stop opportunity around lap 38. High starting position penalty makes track position protection important. Projected finish: P21. Pit-cycle recovery probability: 0.37.
Japan,ALB,Williams,17,MEDIUM-HARD-SOFT,24-47,late_safety_car,5177.360699999998,13.394999999999527,0.49550000000000005,False,2,MEDIUM,47.0,9.0,10.5417,35.0,21,4,21.79177499999999,0.37919532794249766,5,Alternative scenario plan benchmark. Safety car window creates a cheaper stop opportunity around lap 47. High starting position penalty makes track position protection important. Projected finish: P21. Pit-cycle recovery probability: 0.38.
Japan,ALB,Williams,17,MEDIUM-HARD,27,mid_safety_car,5154.965699999999,0.0,0.2205,True,1,MEDIUM,27.0,9.0,10.5417,13.0,18,1,18.155125,0.3817685534591194,2,Best expected race time for this scenario. Safety car window creates a cheaper stop opportunity around lap 27. High starting position penalty makes track position protection important. Projected finish: P18. Pit-cycle recovery probability: 0.38.
Japan,ALB,Williams,17,MEDIUM-HARD-MEDIUM,21-32,mid_safety_car,5164.9507,9.985000000001492,0.34550000000000003,False,2,MEDIUM,21.0,18.0,10.5417,26.0,21,4,21.686075000000027,0.37071734052111405,5,Alternative scenario plan benchmark. Safety car window creates a cheaper stop opportunity around lap 21. High starting position penalty makes track position protection important. Projected finish: P21. Pit-cycle recovery probability: 0.37.
Japan,ALB,Williams,17,MEDIUM-HARD-SOFT,24-47,mid_safety_car,5177.360699999998,22.394999999999527,0.49550000000000005,False,2,MEDIUM,24.0,9.0,10.5417,35.0,21,4,21.97177499999999,0.37919532794249766,5,Alternative scenario plan benchmark. Safety car window creates a cheaper stop opportunity around lap 24. High starting position penalty makes track position protection important. Projected finish: P21. Pit-cycle recovery probability: 0.38.
Japan,ALB,Williams,17,MEDIUM-HARD,27,no_safety_car,5163.965699999999,0.0,0.2205,True,1,MEDIUM,,0.0,10.5417,22.0,20,3,20.355125,0.3608161725067385,4,Best no-safety-car race time with one-stop strategy. High starting position penalty makes track position protection important. Projected finish: P20. Pit-cycle recovery probability: 0.36.
Japan,ALB,Williams,17,MEDIUM-HARD-MEDIUM,21-37,no_safety_car,5182.5757,18.61000000000149,0.34550000000000003,False,2,MEDIUM,,0.0,10.5417,44.0,21,4,21.85857500000003,0.37071734052111405,5,Alternative scenario plan benchmark. High starting position penalty makes track position protection important. Projected finish: P21. Pit-cycle recovery probability: 0.37.
Japan,ALB,Williams,17,MEDIUM-HARD-SOFT,24-47,no_safety_car,5186.360699999998,22.394999999999527,0.49550000000000005,False,2,MEDIUM,,0.0,10.5417,44.0,21,4,21.97177499999999,0.37919532794249766,5,Alternative scenario plan benchmark. High starting position penalty makes track position protection important. Projected finish: P21. Pit-cycle recovery probability: 0.38.
Japan,ALO,Aston Martin,20,MEDIUM-HARD,30,early_safety_car,5251.517156123233,0.0,0.2205,True,1,MEDIUM,,0.0,12.402000000000001,22.0,21,1,21.155125,0.36300844564240786,2,Best expected race time for this scenario. High starting position penalty makes track position protection important. Projected finish: P21. Pit-cycle recovery probability: 0.36.
Japan,ALO,Aston Martin,20,MEDIUM-HARD-MEDIUM,15-31,early_safety_car,5254.1678861089795,2.6507299857466933,0.34550000000000003,False,2,MEDIUM,15.0,9.0,12.402000000000001,35.0,21,1,21.239389599714936,0.41395184186882295,2,Alternative scenario plan benchmark. Safety car window creates a cheaper stop opportunity around lap 15. High starting position penalty makes track position protection important. Projected finish: P21. Pit-cycle recovery probability: 0.41.
Japan,ALO,Aston Martin,20,MEDIUM-HARD-SOFT,15-41,early_safety_car,5264.649589409055,13.132433285822117,0.49550000000000005,False,2,MEDIUM,15.0,9.0,12.402000000000001,35.0,21,1,21.486523665716444,0.4326185085354897,2,Alternative scenario plan benchmark. Safety car window creates a cheaper stop opportunity around lap 15. High starting position penalty makes track position protection important. Projected finish: P21. Pit-cycle recovery probability: 0.43.
Japan,ALO,Aston Martin,20,MEDIUM-HARD,30,late_safety_car,5251.517156123233,0.0,0.2205,True,1,MEDIUM,,0.0,12.402000000000001,22.0,21,1,21.155125,0.36300844564240786,2,Best expected race time for this scenario. High starting position penalty makes track position protection important. Projected finish: P21. Pit-cycle recovery probability: 0.36.
Japan,ALO,Aston Martin,20,MEDIUM-HARD-MEDIUM,22-38,late_safety_car,5253.46788610898,1.9507299857468752,0.34550000000000003,False,2,MEDIUM,38.0,9.922545071812237,12.402000000000001,35.0,21,1,21.22538959971494,0.39017825696316255,2,Alternative scenario plan benchmark. Safety car window creates a cheaper stop opportunity around lap 38. High starting position penalty makes track position protection important. Projected finish: P21. Pit-cycle recovery probability: 0.39.
Japan,ALO,Aston Martin,20,MEDIUM-HARD-SOFT,25-43,late_safety_car,5259.324969740161,7.807813616927888,0.49550000000000005,False,2,MEDIUM,43.0,9.0,12.402000000000001,35.0,21,1,21.38003127233856,0.3986562443845463,2,Alternative scenario plan benchmark. Safety car window creates a cheaper stop opportunity around lap 43. High starting position penalty makes track position protection important. Projected finish: P21. Pit-cycle recovery probability: 0.40.
Japan,ALO,Aston Martin,20,MEDIUM-HARD,30,mid_safety_car,5242.517156123233,0.0,0.2205,True,1,MEDIUM,30.0,9.0,12.402000000000001,13.0,21,1,21.155125,0.36300844564240786,2,Best expected race time for this scenario. Safety car window creates a cheaper stop opportunity around lap 30. High starting position penalty makes track position protection important. Projected finish: P21. Pit-cycle recovery probability: 0.36.
Japan,ALO,Aston Martin,20,MEDIUM-HARD-MEDIUM,21-32,mid_safety_car,5244.061357636225,1.5442015129920037,0.34550000000000003,False,2,MEDIUM,21.0,18.0,12.402000000000001,26.0,21,1,21.217259030259843,0.39357448337825696,2,Alternative scenario plan benchmark. Safety car window creates a cheaper stop opportunity around lap 21. High starting position penalty makes track position protection important. Projected finish: P21. Pit-cycle recovery probability: 0.39.
Japan,ALO,Aston Martin,20,MEDIUM-HARD-SOFT,25-43,mid_safety_car,5259.324969740161,16.807813616927888,0.49550000000000005,False,2,MEDIUM,25.0,9.0,12.402000000000001,35.0,21,1,21.56003127233856,0.3986562443845463,2,Alternative scenario plan benchmark. Safety car window creates a cheaper stop opportunity around lap 25. High starting position penalty makes track position protection important. Projected finish: P21. Pit-cycle recovery probability: 0.40.
Japan,ALO,Aston Martin,20,MEDIUM-HARD,30,no_safety_car,5251.517156123233,0.0,0.2205,True,1,MEDIUM,,0.0,12.402000000000001,22.0,21,1,21.155125,0.36300844564240786,2,Best no-safety-car race time with one-stop strategy. High starting position penalty makes track position protection important. Projected finish: P21. Pit-cycle recovery probability: 0.36.
Japan,ALO,Aston Martin,20,MEDIUM-HARD-MEDIUM,21-34,no_safety_car,5261.855281570003,10.338125446770391,0.34550000000000003,False,2,MEDIUM,,0.0,12.402000000000001,44.0,21,1,21.39313750893541,0.39357448337825696,2,Alternative scenario plan benchmark. High starting position penalty makes track position protection important. Projected finish: P21. Pit-cycle recovery probability: 0.39.
Japan,ALO,Aston Martin,20,MEDIUM-HARD-SOFT,25-43,no_safety_car,5268.324969740161,16.807813616927888,0.49550000000000005,False,2,MEDIUM,,0.0,12.402000000000001,44.0,21,1,21.56003127233856,0.3986562443845463,2,Alternative scenario plan benchmark. High starting position penalty makes track position protection important. Projected finish: P21. Pit-cycle recovery probability: 0.40.
Japan,ANT,Mercedes,6,MEDIUM-HARD,30,early_safety_car,4994.819089318166,0.0,0.2205,True,1,MEDIUM,,0.0,3.7206,22.0,3,-3,3.055125,0.38205606469002695,4,Best expected race time for this scenario. Projected finish: P3. Pit-cycle recovery probability: 0.38.
Japan,ANT,Mercedes,6,MEDIUM-HARD-MEDIUM,15-25,early_safety_car,4996.779690688258,1.9606013700913536,0.34550000000000003,False,2,MEDIUM,15.0,9.0,3.7206,35.0,5,-1,5.125587027401828,0.4120470799640611,6,Alternative scenario plan benchmark. Safety car window creates a cheaper stop opportunity around lap 15. Projected finish: P5. Pit-cycle recovery probability: 0.41.
Japan,ANT,Mercedes,6,MEDIUM-HARD-SOFT,28-43,early_safety_car,5012.4740747638325,17.65498544566617,0.49550000000000005,False,2,MEDIUM,,0.0,3.7206,44.0,6,0,6.476974708913323,0.3656104222821205,8,Alternative scenario plan benchmark. Projected finish: P6. Pit-cycle recovery probability: 0.37.
Japan,ANT,Mercedes,6,MEDIUM-HARD,30,late_safety_car,4994.819089318166,0.0,0.2205,True,1,MEDIUM,,0.0,3.7206,22.0,3,-3,3.055125,0.38205606469002695,4,Best expected race time for this scenario. Projected finish: P3. Pit-cycle recovery probability: 0.38.
Japan,ANT,Mercedes,6,MEDIUM-HARD-MEDIUM,28-38,late_safety_car,4996.079690688259,1.260601370092445,0.34550000000000003,False,2,MEDIUM,38.0,8.854012857785165,3.7206,35.0,5,-1,5.111587027401849,0.3678961365678347,6,Alternative scenario plan benchmark. Safety car window creates a cheaper stop opportunity around lap 38. Projected finish: P5. Pit-cycle recovery probability: 0.37.
Japan,ANT,Mercedes,6,MEDIUM-HARD-SOFT,28-43,late_safety_car,5003.4740747638325,8.65498544566617,0.49550000000000005,False,2,MEDIUM,43.0,9.0,3.7206,35.0,5,-1,5.296974708913323,0.38656280323450143,6,Alternative scenario plan benchmark. Safety car window creates a cheaper stop opportunity around lap 43. Projected finish: P5. Pit-cycle recovery probability: 0.39.
Japan,ANT,Mercedes,6,MEDIUM-HARD,30,mid_safety_car,4985.819089318166,0.0,0.2205,True,1,MEDIUM,30.0,9.0,3.7206,13.0,2,-4,2.055125,0.4030084456424079,2,Best expected race time for this scenario. Safety car window creates a cheaper stop opportunity around lap 30. Projected finish: P2. Pit-cycle recovery probability: 0.40.
Japan,ANT,Mercedes,6,MEDIUM-HARD-MEDIUM,22-31,mid_safety_car,4986.4193357085005,0.6002463903341777,0.34550000000000003,False,2,MEDIUM,22.0,18.0,3.7206,26.0,4,-2,4.0983799278066835,0.3987496855345911,5,Alternative scenario plan benchmark. Safety car window creates a cheaper stop opportunity around lap 22. Projected finish: P4. Pit-cycle recovery probability: 0.40.
Japan,ANT,Mercedes,6,MEDIUM-HARD-SOFT,28-43,mid_safety_car,5003.4740747638325,17.65498544566617,0.49550000000000005,False,2,MEDIUM,28.0,9.0,3.7206,35.0,5,-1,5.476974708913323,0.38656280323450143,6,Alternative scenario plan benchmark. Safety car window creates a cheaper stop opportunity around lap 28. Projected finish: P5. Pit-cycle recovery probability: 0.39.
Japan,ANT,Mercedes,6,MEDIUM-HARD,30,no_safety_car,4994.819089318166,0.0,0.2205,True,1,MEDIUM,,0.0,3.7206,22.0,3,-3,3.055125,0.38205606469002695,4,Best no-safety-car race time with one-stop strategy. Projected finish: P3. Pit-cycle recovery probability: 0.38.
Japan,ANT,Mercedes,6,MEDIUM-HARD-MEDIUM,22-31,no_safety_car,5004.4193357085005,9.600246390334178,0.34550000000000003,False,2,MEDIUM,,0.0,3.7206,44.0,6,0,6.278379927806684,0.36732111410601975,8,Alternative scenario plan benchmark. Projected finish: P6. Pit-cycle recovery probability: 0.37.
Japan,ANT,Mercedes,6,MEDIUM-HARD-SOFT,28-43,no_safety_car,5012.4740747638325,17.65498544566617,0.49550000000000005,False,2,MEDIUM,,0.0,3.7206,44.0,6,0,6.476974708913323,0.3656104222821205,8,Alternative scenario plan benchmark. Projected finish: P6. Pit-cycle recovery probability: 0.37.
Japan,BEA,Haas F1 Team,16,MEDIUM-HARD,15,early_safety_car,5142.2633439024385,0.0,0.2205,True,1,MEDIUM,15.0,9.0,9.9216,13.0,16,0,16.055125,0.42538041329739446,2,Best expected race time for this scenario. Safety car window creates a cheaper stop opportunity around lap 15. High starting position penalty makes track position protection important. Projected finish: P16. Pit-cycle recovery probability: 0.43.
Japan,BEA,Haas F1 Team,16,MEDIUM-HARD-MEDIUM,13-42,early_safety_car,5161.012275609756,18.74893170731775,0.34550000000000003,False,2,MEDIUM,13.0,9.0,9.9216,35.0,21,5,21.961353634146356,0.3902681042228212,6,Alternative scenario plan benchmark. Safety car window creates a cheaper stop opportunity around lap 13. High starting position penalty makes track position protection important. Projected finish: P21. Pit-cycle recovery probability: 0.39.
Japan,BEA,Haas F1 Team,16,MEDIUM-HARD-SOFT,13-47,early_safety_car,5163.572409756097,21.309065853658467,0.49550000000000005,False,2,MEDIUM,13.0,9.0,9.9216,35.0,21,5,22.05005631707317,0.40893477088948793,6,Alternative scenario plan benchmark. Safety car window creates a cheaper stop opportunity around lap 13. High starting position penalty makes track position protection important. Projected finish: P21. Pit-cycle recovery probability: 0.41.
Japan,BEA,Haas F1 Team,16,MEDIUM-HARD,15,late_safety_car,5151.2633439024385,0.0,0.2205,True,1,MEDIUM,,0.0,9.9216,22.0,17,1,17.155125,0.40442803234501346,4,Best expected race time for this scenario. High starting position penalty makes track position protection important. Projected finish: P17. Pit-cycle recovery probability: 0.40.
Japan,BEA,Haas F1 Team,16,MEDIUM-HARD-MEDIUM,13-42,late_safety_car,5161.012275609756,9.748931707317752,0.34550000000000003,False,2,MEDIUM,42.0,9.0,9.9216,35.0,20,4,20.681353634146355,0.3902681042228212,6,Alternative scenario plan benchmark. Safety car window creates a cheaper stop opportunity around lap 42. High starting position penalty makes track position protection important. Projected finish: P20. Pit-cycle recovery probability: 0.39.
Japan,BEA,Haas F1 Team,16,MEDIUM-HARD-SOFT,13-47,late_safety_car,5163.572409756097,12.309065853658467,0.49550000000000005,False,2,MEDIUM,47.0,9.0,9.9216,35.0,20,4,20.77005631707317,0.40893477088948793,6,Alternative scenario plan benchmark. Safety car window creates a cheaper stop opportunity around lap 47. High starting position penalty makes track position protection important. Projected finish: P20. Pit-cycle recovery probability: 0.41.
Japan,BEA,Haas F1 Team,16,MEDIUM-HARD,21,mid_safety_car,5142.973087804879,0.0,0.2205,True,1,MEDIUM,21.0,9.0,9.9216,13.0,16,0,16.055125,0.4050030548068284,2,Best expected race time for this scenario. Safety car window creates a cheaper stop opportunity around lap 21. High starting position penalty makes track position protection important. Projected finish: P16. Pit-cycle recovery probability: 0.41.
Japan,BEA,Haas F1 Team,16,MEDIUM-HARD-MEDIUM,21-32,mid_safety_car,5158.387575609756,15.414487804877353,0.34550000000000003,False,2,MEDIUM,21.0,18.00000000000091,9.9216,26.0,20,4,20.794664756097546,0.37357448337825694,5,Alternative scenario plan benchmark. Safety car window creates a cheaper stop opportunity around lap 21. High starting position penalty makes track position protection important. Projected finish: P20. Pit-cycle recovery probability: 0.37.
Japan,BEA,Haas F1 Team,16,MEDIUM-HARD-SOFT,21-47,mid_safety_car,5165.008087804878,22.034999999999854,0.49550000000000005,False,2,MEDIUM,21.0,9.0,9.9216,35.0,21,5,22.064574999999998,0.38176495956873324,6,Alternative scenario plan benchmark. Safety car window creates a cheaper stop opportunity around lap 21. High starting position penalty makes track position protection important. Projected finish: P21. Pit-cycle recovery probability: 0.38.
Japan,BEA,Haas F1 Team,16,MEDIUM-HARD,15,no_safety_car,5151.2633439024385,0.0,0.2205,True,1,MEDIUM,,0.0,9.9216,22.0,17,1,17.155125,0.40442803234501346,4,Best no-safety-car race time with one-stop strategy. High starting position penalty makes track position protection important. Projected finish: P17. Pit-cycle recovery probability: 0.40.
Japan,BEA,Haas F1 Team,16,MEDIUM-HARD-MEDIUM,13-42,no_safety_car,5170.012275609756,18.74893170731775,0.34550000000000003,False,2,MEDIUM,,0.0,9.9216,44.0,21,5,21.961353634146356,0.3902681042228212,6,Alternative scenario plan benchmark. High starting position penalty makes track position protection important. Projected finish: P21. Pit-cycle recovery probability: 0.39.
Japan,BEA,Haas F1 Team,16,MEDIUM-HARD-SOFT,13-47,no_safety_car,5172.572409756097,21.309065853658467,0.49550000000000005,False,2,MEDIUM,,0.0,9.9216,44.0,21,5,22.05005631707317,0.40893477088948793,6,Alternative scenario plan benchmark. High starting position penalty makes track position protection important. Projected finish: P21. Pit-cycle recovery probability: 0.41.
Japan,BOR,Audi,13,MEDIUM-HARD,15,early_safety_car,5123.047300000001,0.0,0.2205,True,1,MEDIUM,15.0,9.0,8.061300000000001,13.0,12,-1,12.055125,0.4339518418688229,2,Best expected race time for this scenario. Safety car window creates a cheaper stop opportunity around lap 15. High starting position penalty makes track position protection important. Projected finish: P12. Pit-cycle recovery probability: 0.43.
Japan,BOR,Audi,13,MEDIUM-HARD-MEDIUM,15-34,early_safety_car,5139.6323,16.584999999999127,0.34550000000000003,False,2,MEDIUM,15.0,9.0,8.061300000000001,35.0,17,4,17.818074999999983,0.3920470799640611,6,Alternative scenario plan benchmark. Safety car window creates a cheaper stop opportunity around lap 15. High starting position penalty makes track position protection important. Projected finish: P17. Pit-cycle recovery probability: 0.39.
Japan,BOR,Audi,13,MEDIUM-HARD-SOFT,15-47,early_safety_car,5144.5423,21.49499999999898,0.49550000000000005,False,2,MEDIUM,15.0,9.0,8.061300000000001,35.0,18,5,19.05377499999998,0.4107137466307278,6,Alternative scenario plan benchmark. Safety car window creates a cheaper stop opportunity around lap 15. High starting position penalty makes track position protection important. Projected finish: P18. Pit-cycle recovery probability: 0.41.
Japan,BOR,Audi,13,MEDIUM-HARD,26,late_safety_car,5129.367300000001,0.0,0.2205,True,1,MEDIUM,,0.0,8.061300000000001,22.0,13,0,13.055125,0.3756409703504042,4,Best expected race time for this scenario. High starting position penalty makes track position protection important. Projected finish: P13. Pit-cycle recovery probability: 0.38.
Japan,BOR,Audi,13,MEDIUM-HARD-MEDIUM,21-38,late_safety_car,5138.992300000001,9.625,0.34550000000000003,False,2,MEDIUM,38.0,10.344999999999345,8.061300000000001,35.0,16,3,16.578875,0.3716697214734951,6,Alternative scenario plan benchmark. Safety car window creates a cheaper stop opportunity around lap 38. High starting position penalty makes track position protection important. Projected finish: P16. Pit-cycle recovery probability: 0.37.
Japan,BOR,Audi,13,MEDIUM-HARD-SOFT,23-47,late_safety_car,5142.7623,13.394999999999527,0.49550000000000005,False,2,MEDIUM,47.0,9.0,8.061300000000001,35.0,16,3,16.691774999999993,0.3835439353099731,6,Alternative scenario plan benchmark. Safety car window creates a cheaper stop opportunity around lap 47. High starting position penalty makes track position protection important. Projected finish: P16. Pit-cycle recovery probability: 0.38.
Japan,BOR,Audi,13,MEDIUM-HARD,26,mid_safety_car,5120.367300000001,0.0,0.2205,True,1,MEDIUM,26.0,9.0,8.061300000000001,13.0,12,-1,12.055125,0.39659335130278517,2,Best expected race time for this scenario. Safety car window creates a cheaper stop opportunity around lap 26. High starting position penalty makes track position protection important. Projected finish: P12. Pit-cycle recovery probability: 0.40.
Japan,BOR,Audi,13,MEDIUM-HARD-MEDIUM,21-32,mid_safety_car,5130.3523,9.984999999998763,0.34550000000000003,False,2,MEDIUM,21.0,18.0,8.061300000000001,26.0,14,1,14.386074999999975,0.3821459119496855,5,Alternative scenario plan benchmark. Safety car window creates a cheaper stop opportunity around lap 21. High starting position penalty makes track position protection important. Projected finish: P14. Pit-cycle recovery probability: 0.38.
Japan,BOR,Audi,13,MEDIUM-HARD-SOFT,23-47,mid_safety_car,5142.7623,22.394999999999527,0.49550000000000005,False,2,MEDIUM,23.0,9.0,8.061300000000001,35.0,18,5,19.07177499999999,0.3835439353099731,6,Alternative scenario plan benchmark. Safety car window creates a cheaper stop opportunity around lap 23. High starting position penalty makes track position protection important. Projected finish: P18. Pit-cycle recovery probability: 0.38.
Japan,BOR,Audi,13,MEDIUM-HARD,26,no_safety_car,5129.367300000001,0.0,0.2205,True,1,MEDIUM,,0.0,8.061300000000001,22.0,13,0,13.055125,0.3756409703504042,4,Best no-safety-car race time with one-stop strategy. High starting position penalty makes track position protection important. Projected finish: P13. Pit-cycle recovery probability: 0.38.
Japan,BOR,Audi,13,MEDIUM-HARD-MEDIUM,21-37,no_safety_car,5147.9773000000005,18.609999999999673,0.34550000000000003,False,2,MEDIUM,,0.0,8.061300000000001,44.0,18,5,18.958574999999993,0.35071734052111414,8,Alternative scenario plan benchmark. High starting position penalty makes track position protection important. Projected finish: P18. Pit-cycle recovery probability: 0.35.
Japan,BOR,Audi,13,MEDIUM-HARD-SOFT,23-47,no_safety_car,5151.7623,22.394999999999527,0.49550000000000005,False,2,MEDIUM,,0.0,8.061300000000001,44.0,19,6,20.171774999999993,0.36259155435759216,8,Alternative scenario plan benchmark. High starting position penalty makes track position protection important. Projected finish: P19. Pit-cycle recovery probability: 0.36.
Japan,BOT,Cadillac,22,HARD-MEDIUM-SOFT,11-41,early_safety_car,5289.117448650341,0.0,0.49550000000000005,True,2,HARD,11.0,9.0,13.6422,35.0,22,0,22.123875,0.9,0,Two-stop is competitive because lower tire degradation offsets extra pit loss. Safety car window creates a cheaper stop opportunity around lap 11. High starting position penalty makes track position protection important. Projected finish: P22. Pit-cycle recovery probability: 0.90.
Japan,BOT,Cadillac,22,HARD-MEDIUM,25,early_safety_car,5299.875045581756,10.75759693141481,0.2205,False,1,HARD,,0.0,13.6422,22.0,22,0,22.270276938628296,0.9,0,Alternative scenario plan benchmark. High starting position penalty makes track position protection important. Projected finish: P22. Pit-cycle recovery probability: 0.90.
Japan,BOT,Cadillac,22,HARD-MEDIUM-SOFT,11-41,late_safety_car,5289.117448650341,0.0,0.49550000000000005,True,2,HARD,41.0,9.0,13.6422,35.0,22,0,22.123875,0.9,0,Two-stop is competitive because lower tire degradation offsets extra pit loss. Safety car window creates a cheaper stop opportunity around lap 41. High starting position penalty makes track position protection important. Projected finish: P22. Pit-cycle recovery probability: 0.90.
Japan,BOT,Cadillac,22,HARD-MEDIUM,25,late_safety_car,5299.875045581756,10.75759693141481,0.2205,False,1,HARD,,0.0,13.6422,22.0,22,0,22.270276938628296,0.9,0,Alternative scenario plan benchmark. High starting position penalty makes track position protection important. Projected finish: P22. Pit-cycle recovery probability: 0.90.
Japan,BOT,Cadillac,22,HARD-MEDIUM,25,mid_safety_car,5290.875045581756,0.0,0.2205,True,1,HARD,25.0,9.0,13.6422,13.0,22,0,22.055125,0.9,0,Best expected race time for this scenario. Safety car window creates a cheaper stop opportunity around lap 25. High starting position penalty makes track position protection important. Projected finish: P22. Pit-cycle recovery probability: 0.90.
Japan,BOT,Cadillac,22,HARD-MEDIUM-SOFT,8-32,mid_safety_car,5296.6661269327105,5.7910813509543,0.49550000000000005,False,2,HARD,32.0,9.0,13.6422,35.0,22,0,22.23969662701909,0.9,0,Alternative scenario plan benchmark. Safety car window creates a cheaper stop opportunity around lap 32. High starting position penalty makes track position protection important. Projected finish: P22. Pit-cycle recovery probability: 0.90.
Japan,BOT,Cadillac,22,HARD-MEDIUM,25,no_safety_car,5299.875045581756,1.7575969314148097,0.2205,True,1,HARD,,0.0,13.6422,22.0,22,0,22.090276938628296,0.9,0,Best no-safety-car race time with one-stop strategy. High starting position penalty makes track position protection important. Projected finish: P22. Pit-cycle recovery probability: 0.90.
Japan,BOT,Cadillac,22,HARD-MEDIUM-SOFT,11-41,no_safety_car,5298.117448650341,0.0,0.49550000000000005,False,2,HARD,,0.0,13.6422,44.0,22,0,22.123875,0.9,0,Alternative scenario plan benchmark. High starting position penalty makes track position protection important. Projected finish: P22. Pit-cycle recovery probability: 0.90.
Japan,COL,Alpine,14,MEDIUM-HARD,15,early_safety_car,5155.3868999999995,0.0,0.2205,True,1,MEDIUM,15.0,9.0,8.6814,13.0,17,3,17.355125,0.43109469901168,2,Best expected race time for this scenario. Safety car window creates a cheaper stop opportunity around lap 15. High starting position penalty makes track position protection important. Projected finish: P17. Pit-cycle recovery probability: 0.43.
Japan,COL,Alpine,14,MEDIUM-HARD-MEDIUM,10-43,early_safety_car,5174.424542857141,19.03764285714169,0.34550000000000003,False,2,MEDIUM,10.0,9.0,8.6814,35.0,21,7,22.167127857142834,0.40617106918239,6,Alternative scenario plan benchmark. Safety car window creates a cheaper stop opportunity around lap 10. High starting position penalty makes track position protection important. Projected finish: P21. Pit-cycle recovery probability: 0.41.
Japan,COL,Alpine,14,MEDIUM-HARD-SOFT,13-47,early_safety_car,5176.259657142857,20.872757142857154,0.49550000000000005,False,2,MEDIUM,13.0,9.0,8.6814,35.0,21,7,22.241330142857144,0.4146490566037736,6,Alternative scenario plan benchmark. Safety car window creates a cheaper stop opportunity around lap 13. High starting position penalty makes track position protection important. Projected finish: P21. Pit-cycle recovery probability: 0.41.
Japan,COL,Alpine,14,MEDIUM-HARD,15,late_safety_car,5164.3868999999995,0.0,0.2205,True,1,MEDIUM,,0.0,8.6814,22.0,19,5,19.555125,0.4101423180592991,4,Best expected race time for this scenario. High starting position penalty makes track position protection important. Projected finish: P19. Pit-cycle recovery probability: 0.41.
Japan,COL,Alpine,14,MEDIUM-HARD-MEDIUM,10-43,late_safety_car,5174.424542857141,10.037642857141691,0.34550000000000003,False,2,MEDIUM,43.0,9.0,8.6814,35.0,21,7,21.987127857142834,0.40617106918239,6,Alternative scenario plan benchmark. Safety car window creates a cheaper stop opportunity around lap 43. High starting position penalty makes track position protection important. Projected finish: P21. Pit-cycle recovery probability: 0.41.
Japan,COL,Alpine,14,MEDIUM-HARD-SOFT,13-47,late_safety_car,5176.259657142857,11.872757142857154,0.49550000000000005,False,2,MEDIUM,47.0,9.0,8.6814,35.0,21,7,22.061330142857145,0.4146490566037736,6,Alternative scenario plan benchmark. Safety car window creates a cheaper stop opportunity around lap 47. High starting position penalty makes track position protection important. Projected finish: P21. Pit-cycle recovery probability: 0.41.
Japan,COL,Alpine,14,MEDIUM-HARD,20,mid_safety_car,5157.790257142857,0.0,0.2205,True,1,MEDIUM,20.0,6.596642857142797,8.6814,13.0,18,4,18.455125,0.4141135669362085,2,Best expected race time for this scenario. Safety car window creates a cheaper stop opportunity around lap 20. High starting position penalty makes track position protection important. Projected finish: P18. Pit-cycle recovery probability: 0.41.
Japan,COL,Alpine,14,MEDIUM-HARD-MEDIUM,20-32,mid_safety_car,5176.283257142858,18.493000000001302,0.34550000000000003,False,2,MEDIUM,20.0,18.0,8.6814,26.0,20,6,21.05623500000003,0.382684995507637,5,Alternative scenario plan benchmark. Safety car window creates a cheaper stop opportunity around lap 20. High starting position penalty makes track position protection important. Projected finish: P20. Pit-cycle recovery probability: 0.38.
Japan,COL,Alpine,14,MEDIUM-HARD-SOFT,20-47,mid_safety_car,5179.735257142856,21.94499999999971,0.49550000000000005,False,2,MEDIUM,20.0,6.216542857143395,8.6814,35.0,21,7,22.262774999999994,0.3908754716981132,6,Alternative scenario plan benchmark. Safety car window creates a cheaper stop opportunity around lap 20. High starting position penalty makes track position protection important. Projected finish: P21. Pit-cycle recovery probability: 0.39.
Japan,COL,Alpine,14,MEDIUM-HARD,15,no_safety_car,5164.3868999999995,0.0,0.2205,True,1,MEDIUM,,0.0,8.6814,22.0,19,5,19.555125,0.4101423180592991,4,Best no-safety-car race time with one-stop strategy. High starting position penalty makes track position protection important. Projected finish: P19. Pit-cycle recovery probability: 0.41.
Japan,COL,Alpine,14,MEDIUM-HARD-MEDIUM,10-43,no_safety_car,5183.424542857141,19.03764285714169,0.34550000000000003,False,2,MEDIUM,,0.0,8.6814,44.0,22,8,23.267127857142835,0.38521868823000904,8,Alternative scenario plan benchmark. High starting position penalty makes track position protection important. Projected finish: P22. Pit-cycle recovery probability: 0.39.
Japan,COL,Alpine,14,MEDIUM-HARD-SOFT,13-47,no_safety_car,5185.259657142857,20.872757142857154,0.49550000000000005,False,2,MEDIUM,,0.0,8.6814,44.0,22,8,23.341330142857146,0.39369667565139266,8,Alternative scenario plan benchmark. High starting position penalty makes track position protection important. Projected finish: P22. Pit-cycle recovery probability: 0.39.
Japan,GAS,Alpine,7,MEDIUM-HARD,15,early_safety_car,5072.91046500225,0.0,0.2205,True,1,MEDIUM,15.0,9.0,4.3407,13.0,7,0,7.055125,0.45109469901168003,2,Best expected race time for this scenario. Safety car window creates a cheaper stop opportunity around lap 15. Projected finish: P7. Pit-cycle recovery probability: 0.45.
Japan,GAS,Alpine,7,MEDIUM-HARD-SOFT,15-42,early_safety_car,5085.460468421054,12.550003418804408,0.49550000000000005,False,2,MEDIUM,15.0,9.0,4.3407,35.0,11,4,11.774875068376089,0.427856603773585,6,Alternative scenario plan benchmark. Safety car window creates a cheaper stop opportunity around lap 15. Projected finish: P11. Pit-cycle recovery probability: 0.43.
Japan,GAS,Alpine,7,MEDIUM-HARD-MEDIUM,15-36,early_safety_car,5080.470075284366,7.5596102821164095,0.34550000000000003,False,2,MEDIUM,15.0,9.0,4.3407,35.0,12,5,12.737567205642328,0.4091899371069182,6,Alternative scenario plan benchmark. Safety car window creates a cheaper stop opportunity around lap 15. Projected finish: P12. Pit-cycle recovery probability: 0.41.
Japan,GAS,Alpine,7,MEDIUM-HARD,23,late_safety_car,5077.738605301716,0.0,0.2205,True,1,MEDIUM,,0.0,4.3407,22.0,8,1,8.155125,0.40297250673854446,4,Best expected race time for this scenario. Projected finish: P8. Pit-cycle recovery probability: 0.40.
Japan,GAS,Alpine,7,MEDIUM-HARD-MEDIUM,17-38,late_safety_car,5080.470075284365,2.7314699826483775,0.34550000000000003,False,2,MEDIUM,38.0,17.23798011695999,4.3407,35.0,10,3,10.441004399652968,0.4023974842767295,6,Alternative scenario plan benchmark. Safety car window creates a cheaper stop opportunity around lap 38. Projected finish: P10. Pit-cycle recovery probability: 0.40.
Japan,GAS,Alpine,7,MEDIUM-HARD-SOFT,21-43,late_safety_car,5084.295247098517,6.556641796801159,0.49550000000000005,False,2,MEDIUM,43.0,9.0,4.3407,35.0,10,3,10.555007835936024,0.40747924528301893,6,Alternative scenario plan benchmark. Safety car window creates a cheaper stop opportunity around lap 43. Projected finish: P10. Pit-cycle recovery probability: 0.41.
Japan,GAS,Alpine,7,MEDIUM-HARD,23,mid_safety_car,5068.738605301716,0.0,0.2205,True,1,MEDIUM,23.0,9.0,4.3407,13.0,7,0,7.055125,0.42392488769092546,2,Best expected race time for this scenario. Safety car window creates a cheaper stop opportunity around lap 23. Projected finish: P7. Pit-cycle recovery probability: 0.42.
Japan,GAS,Alpine,7,MEDIUM-HARD-MEDIUM,21-32,mid_safety_car,5074.282985650025,5.54438034830855,0.34550000000000003,False,2,MEDIUM,21.0,18.0,4.3407,26.0,9,2,9.397262606966171,0.39928876909254263,5,Alternative scenario plan benchmark. Safety car window creates a cheaper stop opportunity around lap 21. Projected finish: P9. Pit-cycle recovery probability: 0.40.
Japan,GAS,Alpine,7,MEDIUM-HARD-SOFT,21-43,mid_safety_car,5084.295247098517,15.55664179680116,0.49550000000000005,False,2,MEDIUM,21.0,9.0,4.3407,35.0,12,5,12.935007835936023,0.40747924528301893,6,Alternative scenario plan benchmark. Safety car window creates a cheaper stop opportunity around lap 21. Projected finish: P12. Pit-cycle recovery probability: 0.41.
Japan,GAS,Alpine,7,MEDIUM-HARD,23,no_safety_car,5077.738605301716,0.0,0.2205,True,1,MEDIUM,,0.0,4.3407,22.0,8,1,8.155125,0.40297250673854446,4,Best no-safety-car race time with one-stop strategy. Projected finish: P8. Pit-cycle recovery probability: 0.40.
Japan,GAS,Alpine,7,MEDIUM-HARD-MEDIUM,16-37,no_safety_car,5089.410967013689,11.672361711972371,0.34550000000000003,False,2,MEDIUM,,0.0,4.3407,44.0,13,6,13.919822234239447,0.38484132973944285,8,Alternative scenario plan benchmark. Projected finish: P13. Pit-cycle recovery probability: 0.38.
Japan,GAS,Alpine,7,MEDIUM-HARD-SOFT,21-43,no_safety_car,5093.295247098517,15.55664179680116,0.49550000000000005,False,2,MEDIUM,,0.0,4.3407,44.0,13,6,14.035007835936023,0.386526864330638,8,Alternative scenario plan benchmark. Projected finish: P13. Pit-cycle recovery probability: 0.39.
Japan,HAD,Red Bull Racing,8,MEDIUM-HARD,15,early_safety_car,5132.41336617647,0.0,0.2205,True,1,MEDIUM,15.0,9.0,4.9608,13.0,12,4,12.455125,0.44823755615453736,2,Best expected race time for this scenario. Safety car window creates a cheaper stop opportunity around lap 15. Projected finish: P12. Pit-cycle recovery probability: 0.45.
Japan,HAD,Red Bull Racing,8,MEDIUM-HARD-SOFT,13-47,early_safety_car,5153.535020588235,21.12165441176512,0.49550000000000005,False,2,MEDIUM,13.0,9.0,4.9608,35.0,17,9,18.446308088235302,0.4317919137466309,6,Alternative scenario plan benchmark. Safety car window creates a cheaper stop opportunity around lap 13. Projected finish: P17. Pit-cycle recovery probability: 0.43.
Japan,HAD,Red Bull Racing,8,MEDIUM-HARD-MEDIUM,13-43,early_safety_car,5151.292263235294,18.878897058823895,0.34550000000000003,False,2,MEDIUM,13.0,9.0,4.9608,35.0,18,10,19.46395294117648,0.4131252470799641,6,Alternative scenario plan benchmark. Safety car window creates a cheaper stop opportunity around lap 13. Projected finish: P18. Pit-cycle recovery probability: 0.41.
Japan,HAD,Red Bull Racing,8,MEDIUM-HARD,15,late_safety_car,5141.41336617647,0.0,0.2205,True,1,MEDIUM,,0.0,4.9608,22.0,13,5,13.555125,0.4272851752021563,4,Best expected race time for this scenario. Projected finish: P13. Pit-cycle recovery probability: 0.43.
Japan,HAD,Red Bull Racing,8,MEDIUM-HARD-SOFT,13-47,late_safety_car,5153.535020588235,12.121654411765121,0.49550000000000005,False,2,MEDIUM,47.0,9.0,4.9608,35.0,16,8,17.166308088235304,0.4317919137466309,6,Alternative scenario plan benchmark. Safety car window creates a cheaper stop opportunity around lap 47. Projected finish: P16. Pit-cycle recovery probability: 0.43.
Japan,HAD,Red Bull Racing,8,MEDIUM-HARD-MEDIUM,13-43,late_safety_car,5151.292263235294,9.878897058823895,0.34550000000000003,False,2,MEDIUM,43.0,9.0,4.9608,35.0,17,9,18.183952941176475,0.4131252470799641,6,Alternative scenario plan benchmark. Safety car window creates a cheaper stop opportunity around lap 43. Projected finish: P17. Pit-cycle recovery probability: 0.41.
Japan,HAD,Red Bull Racing,8,MEDIUM-HARD,21,mid_safety_car,5133.851932352942,0.0,0.2205,True,1,MEDIUM,21.0,9.0,4.9608,13.0,12,4,12.455125,0.4278601976639714,2,Best expected race time for this scenario. Safety car window creates a cheaper stop opportunity around lap 21. Projected finish: P12. Pit-cycle recovery probability: 0.43.
Japan,HAD,Red Bull Racing,8,MEDIUM-HARD-MEDIUM,20-32,mid_safety_car,5150.590290196078,16.738357843136328,0.34550000000000003,False,2,MEDIUM,20.0,18.0,4.9608,26.0,16,8,17.221142156862726,0.39982785265049414,5,Alternative scenario plan benchmark. Safety car window creates a cheaper stop opportunity around lap 20. Projected finish: P16. Pit-cycle recovery probability: 0.40.
Japan,HAD,Red Bull Racing,8,MEDIUM-HARD-SOFT,21-47,mid_safety_car,5155.886932352942,22.034999999999854,0.49550000000000005,False,2,MEDIUM,21.0,9.0,4.9608,35.0,18,10,19.564574999999998,0.40462210242587615,6,Alternative scenario plan benchmark. Safety car window creates a cheaper stop opportunity around lap 21. Projected finish: P18. Pit-cycle recovery probability: 0.40.
Japan,HAD,Red Bull Racing,8,MEDIUM-HARD,15,no_safety_car,5141.41336617647,0.0,0.2205,True,1,MEDIUM,,0.0,4.9608,22.0,13,5,13.555125,0.4272851752021563,4,Best no-safety-car race time with one-stop strategy. Projected finish: P13. Pit-cycle recovery probability: 0.43.
Japan,HAD,Red Bull Racing,8,MEDIUM-HARD-MEDIUM,13-43,no_safety_car,5160.292263235294,18.878897058823895,0.34550000000000003,False,2,MEDIUM,,0.0,4.9608,44.0,19,11,20.56395294117648,0.3921728661275832,8,Alternative scenario plan benchmark. Projected finish: P19. Pit-cycle recovery probability: 0.39.
Japan,HAD,Red Bull Racing,8,MEDIUM-HARD-SOFT,13-47,no_safety_car,5162.535020588235,21.12165441176512,0.49550000000000005,False,2,MEDIUM,,0.0,4.9608,44.0,19,11,20.646308088235305,0.4108395327942499,8,Alternative scenario plan benchmark. Projected finish: P19. Pit-cycle recovery probability: 0.41.
Japan,HAM,Ferrari,5,MEDIUM-HARD,30,early_safety_car,5033.505251602961,2.9605537027618993,0.2205,True,1,MEDIUM,,0.0,3.1005000000000003,22.0,5,0,5.114336074055238,0.38491320754716984,4,Best expected race time for this scenario. Projected finish: P5. Pit-cycle recovery probability: 0.38.
Japan,HAM,Ferrari,5,MEDIUM-HARD-MEDIUM,15-25,early_safety_car,5030.544697900199,0.0,0.34550000000000003,False,2,MEDIUM,15.0,9.0,3.1005000000000003,35.0,7,2,7.2863750000000005,0.414904222821204,6,Alternative scenario plan benchmark. Safety car window creates a cheaper stop opportunity around lap 15. Projected finish: P7. Pit-cycle recovery probability: 0.41.
Japan,HAM,Ferrari,5,MEDIUM-HARD-SOFT,28-42,early_safety_car,5046.41359224496,15.86889434476052,0.49550000000000005,False,2,MEDIUM,,0.0,3.1005000000000003,44.0,8,3,8.74125288689521,0.3684675651392634,8,Alternative scenario plan benchmark. Projected finish: P8. Pit-cycle recovery probability: 0.37.
Japan,HAM,Ferrari,5,MEDIUM-HARD,30,late_safety_car,5033.505251602961,3.6605537027635364,0.2205,True,1,MEDIUM,,0.0,3.1005000000000003,22.0,4,-1,4.128336074055271,0.38491320754716984,4,Best expected race time for this scenario. Projected finish: P4. Pit-cycle recovery probability: 0.38.
Japan,HAM,Ferrari,5,MEDIUM-HARD-MEDIUM,28-38,late_safety_car,5029.844697900197,0.0,0.34550000000000003,False,2,MEDIUM,38.0,8.81738224689343,3.1005000000000003,35.0,6,1,6.186375,0.3707532794249776,6,Alternative scenario plan benchmark. Safety car window creates a cheaper stop opportunity around lap 38. Projected finish: P6. Pit-cycle recovery probability: 0.37.
Japan,HAM,Ferrari,5,MEDIUM-HARD-SOFT,28-42,late_safety_car,5037.41359224496,7.568894344762157,0.49550000000000005,False,2,MEDIUM,42.0,9.0,3.1005000000000003,35.0,6,1,6.375252886895243,0.3894199460916443,6,Alternative scenario plan benchmark. Safety car window creates a cheaper stop opportunity around lap 42. Projected finish: P6. Pit-cycle recovery probability: 0.39.
Japan,HAM,Ferrari,5,MEDIUM-HARD,30,mid_safety_car,5024.505251602961,4.868985281708774,0.2205,True,1,MEDIUM,30.0,9.0,3.1005000000000003,13.0,3,-2,3.1525047056341755,0.4058655884995508,2,Best expected race time for this scenario. Safety car window creates a cheaper stop opportunity around lap 30. Projected finish: P3. Pit-cycle recovery probability: 0.41.
Japan,HAM,Ferrari,5,MEDIUM-HARD-MEDIUM,21-31,mid_safety_car,5019.636266321252,0.0,0.34550000000000003,False,2,MEDIUM,21.0,18.0,3.1005000000000003,26.0,5,0,5.086375,0.4050030548068284,5,Alternative scenario plan benchmark. Safety car window creates a cheaper stop opportunity around lap 21. Projected finish: P5. Pit-cycle recovery probability: 0.41.
Japan,HAM,Ferrari,5,MEDIUM-HARD-SOFT,28-42,mid_safety_car,5037.41359224496,17.777325923707394,0.49550000000000005,False,2,MEDIUM,28.0,9.0,3.1005000000000003,35.0,7,2,7.679421518474148,0.3894199460916443,6,Alternative scenario plan benchmark. Safety car window creates a cheaper stop opportunity around lap 28. Projected finish: P7. Pit-cycle recovery probability: 0.39.
Japan,HAM,Ferrari,5,MEDIUM-HARD,30,no_safety_car,5033.505251602961,0.0,0.2205,True,1,MEDIUM,,0.0,3.1005000000000003,22.0,4,-1,4.055125,0.38491320754716984,4,Best no-safety-car race time with one-stop strategy. Projected finish: P4. Pit-cycle recovery probability: 0.38.
Japan,HAM,Ferrari,5,MEDIUM-HARD-MEDIUM,21-31,no_safety_car,5037.636266321252,4.131014718291226,0.34550000000000003,False,2,MEDIUM,,0.0,3.1005000000000003,44.0,7,2,7.368995294365825,0.37357448337825705,8,Alternative scenario plan benchmark. Projected finish: P7. Pit-cycle recovery probability: 0.37.
Japan,HAM,Ferrari,5,MEDIUM-HARD-SOFT,28-42,no_safety_car,5046.41359224496,12.90834064199862,0.49550000000000005,False,2,MEDIUM,,0.0,3.1005000000000003,44.0,8,3,8.682041812839973,0.3684675651392634,8,Alternative scenario plan benchmark. Projected finish: P8. Pit-cycle recovery probability: 0.37.
Japan,HUL,Audi,19,MEDIUM-HARD,15,early_safety_car,5139.116900000001,0.0,0.2205,True,1,MEDIUM,15.0,9.0,11.7819,13.0,16,-3,16.055125,0.41680898472596584,2,Best expected race time for this scenario. Safety car window creates a cheaper stop opportunity around lap 15. High starting position penalty makes track position protection important. Projected finish: P16. Pit-cycle recovery probability: 0.42.
Japan,HUL,Audi,19,MEDIUM-HARD-MEDIUM,15-34,early_safety_car,5155.701900000001,16.585000000000036,0.34550000000000003,False,2,MEDIUM,15.0,9.0,11.7819,35.0,20,1,20.518075000000003,0.4063327942497753,3,Alternative scenario plan benchmark. Safety car window creates a cheaper stop opportunity around lap 15. High starting position penalty makes track position protection important. Projected finish: P20. Pit-cycle recovery probability: 0.41.
Japan,HUL,Audi,19,MEDIUM-HARD-SOFT,15-47,early_safety_car,5160.611900000001,21.49499999999989,0.49550000000000005,False,2,MEDIUM,15.0,9.0,11.7819,35.0,20,1,20.653775,0.4249994609164421,3,Alternative scenario plan benchmark. Safety car window creates a cheaper stop opportunity around lap 15. High starting position penalty makes track position protection important. Projected finish: P20. Pit-cycle recovery probability: 0.42.
Japan,HUL,Audi,19,MEDIUM-HARD,26,late_safety_car,5145.4369,0.0,0.2205,True,1,MEDIUM,,0.0,11.7819,22.0,17,-2,17.055125,0.3689743036837375,3,Best expected race time for this scenario. High starting position penalty makes track position protection important. Projected finish: P17. Pit-cycle recovery probability: 0.37.
Japan,HUL,Audi,19,MEDIUM-HARD-MEDIUM,21-38,late_safety_car,5155.0619000000015,9.625000000001819,0.34550000000000003,False,2,MEDIUM,38.0,10.344999999999345,11.7819,35.0,18,-1,18.27887500000004,0.3859554357592093,3,Alternative scenario plan benchmark. Safety car window creates a cheaper stop opportunity around lap 38. High starting position penalty makes track position protection important. Projected finish: P18. Pit-cycle recovery probability: 0.39.
Japan,HUL,Audi,19,MEDIUM-HARD-SOFT,23-47,late_safety_car,5158.831900000001,13.395000000001346,0.49550000000000005,False,2,MEDIUM,47.0,9.0,11.7819,35.0,19,0,19.391775000000028,0.39782964959568734,3,Alternative scenario plan benchmark. Safety car window creates a cheaper stop opportunity around lap 47. High starting position penalty makes track position protection important. Projected finish: P19. Pit-cycle recovery probability: 0.40.
Japan,HUL,Audi,19,MEDIUM-HARD,26,mid_safety_car,5136.4369,0.0,0.2205,True,1,MEDIUM,26.0,9.0,11.7819,13.0,16,-3,16.055125,0.37945049415992804,2,Best expected race time for this scenario. Safety car window creates a cheaper stop opportunity around lap 26. High starting position penalty makes track position protection important. Projected finish: P16. Pit-cycle recovery probability: 0.38.
Japan,HUL,Audi,19,MEDIUM-HARD-MEDIUM,21-32,mid_safety_car,5146.4219,9.985000000000582,0.34550000000000003,False,2,MEDIUM,21.0,18.00000000000091,11.7819,26.0,18,-1,18.28607500000001,0.3859554357592093,3,Alternative scenario plan benchmark. Safety car window creates a cheaper stop opportunity around lap 21. High starting position penalty makes track position protection important. Projected finish: P18. Pit-cycle recovery probability: 0.39.
Japan,HUL,Audi,19,MEDIUM-HARD-SOFT,23-47,mid_safety_car,5158.831900000001,22.395000000001346,0.49550000000000005,False,2,MEDIUM,23.0,9.0,11.7819,35.0,20,1,20.67177500000003,0.39782964959568734,3,Alternative scenario plan benchmark. Safety car window creates a cheaper stop opportunity around lap 23. High starting position penalty makes track position protection important. Projected finish: P20. Pit-cycle recovery probability: 0.40.
Japan,HUL,Audi,19,MEDIUM-HARD,26,no_safety_car,5145.4369,0.0,0.2205,True,1,MEDIUM,,0.0,11.7819,22.0,17,-2,17.055125,0.3689743036837375,3,Best no-safety-car race time with one-stop strategy. High starting position penalty makes track position protection important. Projected finish: P17. Pit-cycle recovery probability: 0.37.
Japan,HUL,Audi,19,MEDIUM-HARD-MEDIUM,21-37,no_safety_car,5164.046900000001,18.61000000000149,0.34550000000000003,False,2,MEDIUM,,0.0,11.7819,44.0,20,1,20.558575000000033,0.3859554357592093,3,Alternative scenario plan benchmark. High starting position penalty makes track position protection important. Projected finish: P20. Pit-cycle recovery probability: 0.39.
Japan,HUL,Audi,19,MEDIUM-HARD-SOFT,23-47,no_safety_car,5167.831900000001,22.395000000001346,0.49550000000000005,False,2,MEDIUM,,0.0,11.7819,44.0,20,1,20.67177500000003,0.39782964959568734,3,Alternative scenario plan benchmark. High starting position penalty makes track position protection important. Projected finish: P20. Pit-cycle recovery probability: 0.40.
Japan,LAW,Racing Bulls,12,MEDIUM-HARD,15,early_safety_car,5080.082904759333,0.0,0.2205,True,1,MEDIUM,15.0,9.0,7.4412,13.0,10,-2,10.055125,0.4368089847259658,2,Best expected race time for this scenario. Safety car window creates a cheaper stop opportunity around lap 15. High starting position penalty makes track position protection important. Projected finish: P10. Pit-cycle recovery probability: 0.44.
Japan,LAW,Racing Bulls,12,MEDIUM-HARD-MEDIUM,15-37,early_safety_car,5091.811291737035,11.72838697770203,0.34550000000000003,False,2,MEDIUM,15.0,9.0,7.4412,35.0,14,2,14.520942739554041,0.39490422282120397,6,Alternative scenario plan benchmark. Safety car window creates a cheaper stop opportunity around lap 15. High starting position penalty makes track position protection important. Projected finish: P14. Pit-cycle recovery probability: 0.39.
Japan,LAW,Racing Bulls,12,MEDIUM-HARD-SOFT,15-43,early_safety_car,5096.535015870445,16.452111111111662,0.49550000000000005,False,2,MEDIUM,15.0,9.0,7.4412,35.0,14,2,14.652917222222232,0.4135708894878707,6,Alternative scenario plan benchmark. Safety car window creates a cheaper stop opportunity around lap 15. High starting position penalty makes track position protection important. Projected finish: P14. Pit-cycle recovery probability: 0.41.
Japan,LAW,Racing Bulls,12,MEDIUM-HARD,22,late_safety_car,5086.275176248316,0.0,0.2205,True,1,MEDIUM,,0.0,7.4412,22.0,10,-2,10.055125,0.3920830188679245,4,Best expected race time for this scenario. High starting position penalty makes track position protection important. Projected finish: P10. Pit-cycle recovery probability: 0.39.
Japan,LAW,Racing Bulls,12,MEDIUM-HARD-MEDIUM,16-38,late_safety_car,5091.811291737035,5.536115488719588,0.34550000000000003,False,2,MEDIUM,38.0,15.435171929824719,7.4412,35.0,13,1,13.297097309774392,0.39150799640610956,6,Alternative scenario plan benchmark. Safety car window creates a cheaper stop opportunity around lap 38. High starting position penalty makes track position protection important. Projected finish: P13. Pit-cycle recovery probability: 0.39.
Japan,LAW,Racing Bulls,12,MEDIUM-HARD-SOFT,21-44,late_safety_car,5095.668868322088,9.3936920737724,0.49550000000000005,False,2,MEDIUM,44.0,9.0,7.4412,35.0,14,2,14.511748841475447,0.3931935309973047,6,Alternative scenario plan benchmark. Safety car window creates a cheaper stop opportunity around lap 44. High starting position penalty makes track position protection important. Projected finish: P14. Pit-cycle recovery probability: 0.39.
Japan,LAW,Racing Bulls,12,MEDIUM-HARD,22,mid_safety_car,5077.275176248316,0.0,0.2205,True,1,MEDIUM,22.0,9.0,7.4412,13.0,9,-3,9.055125,0.41303539982030546,2,Best expected race time for this scenario. Safety car window creates a cheaper stop opportunity around lap 22. High starting position penalty makes track position protection important. Projected finish: P9. Pit-cycle recovery probability: 0.41.
Japan,LAW,Racing Bulls,12,MEDIUM-HARD-MEDIUM,21-32,mid_safety_car,5085.328235447594,8.053059199278323,0.34550000000000003,False,2,MEDIUM,21.0,18.0,7.4412,26.0,12,0,12.247436183985567,0.3850030548068284,5,Alternative scenario plan benchmark. Safety car window creates a cheaper stop opportunity around lap 21. High starting position penalty makes track position protection important. Projected finish: P12. Pit-cycle recovery probability: 0.39.
Japan,LAW,Racing Bulls,12,MEDIUM-HARD-SOFT,21-44,mid_safety_car,5095.668868322088,18.3936920737724,0.49550000000000005,False,2,MEDIUM,21.0,9.0,7.4412,35.0,14,2,14.691748841475448,0.3931935309973047,6,Alternative scenario plan benchmark. Safety car window creates a cheaper stop opportunity around lap 21. High starting position penalty makes track position protection important. Projected finish: P14. Pit-cycle recovery probability: 0.39.
Japan,LAW,Racing Bulls,12,MEDIUM-HARD,22,no_safety_car,5086.275176248316,0.0,0.2205,True,1,MEDIUM,,0.0,7.4412,22.0,10,-2,10.055125,0.3920830188679245,4,Best no-safety-car race time with one-stop strategy. High starting position penalty makes track position protection important. Projected finish: P10. Pit-cycle recovery probability: 0.39.
Japan,LAW,Racing Bulls,12,MEDIUM-HARD-MEDIUM,16-37,no_safety_car,5100.807400963949,14.532224715632765,0.34550000000000003,False,2,MEDIUM,,0.0,7.4412,44.0,15,3,15.677019494312656,0.3705556154537286,8,Alternative scenario plan benchmark. High starting position penalty makes track position protection important. Projected finish: P15. Pit-cycle recovery probability: 0.37.
Japan,LAW,Racing Bulls,12,MEDIUM-HARD-SOFT,21-44,no_safety_car,5104.668868322088,18.3936920737724,0.49550000000000005,False,2,MEDIUM,,0.0,7.4412,44.0,15,3,15.79174884147545,0.37224115004492375,8,Alternative scenario plan benchmark. High starting position penalty makes track position protection important. Projected finish: P15. Pit-cycle recovery probability: 0.37.
Japan,LEC,Ferrari,2,MEDIUM-HARD,15,early_safety_car,5077.969650621261,0.0,0.2205,True,1,MEDIUM,15.0,9.0,1.2402,13.0,5,3,5.355125,0.4653804132973945,2,Best expected race time for this scenario. Safety car window creates a cheaper stop opportunity around lap 15. Projected finish: P5. Pit-cycle recovery probability: 0.47.
Japan,LEC,Ferrari,2,MEDIUM-HARD-MEDIUM,13-42,early_safety_car,5094.7511443488365,16.781493727575253,0.34550000000000003,False,2,MEDIUM,13.0,9.0,1.2402,35.0,9,7,10.122004874551505,0.4302681042228212,6,Alternative scenario plan benchmark. Safety car window creates a cheaper stop opportunity around lap 13. Projected finish: P9. Pit-cycle recovery probability: 0.43.
Japan,LEC,Ferrari,2,MEDIUM-HARD-SOFT,13-45,early_safety_car,5097.130325362126,19.160674740865034,0.49550000000000005,False,2,MEDIUM,13.0,9.0,1.2402,35.0,9,7,10.2070884948173,0.448934770889488,6,Alternative scenario plan benchmark. Safety car window creates a cheaper stop opportunity around lap 13. Projected finish: P9. Pit-cycle recovery probability: 0.45.
Japan,LEC,Ferrari,2,MEDIUM-HARD,15,late_safety_car,5086.969650621261,0.0,0.2205,True,1,MEDIUM,,0.0,1.2402,22.0,7,5,7.555125,0.44442803234501344,4,Best expected race time for this scenario. Projected finish: P7. Pit-cycle recovery probability: 0.44.
Japan,LEC,Ferrari,2,MEDIUM-HARD-MEDIUM,13-42,late_safety_car,5094.7511443488365,7.781493727575253,0.34550000000000003,False,2,MEDIUM,42.0,9.0,1.2402,35.0,9,7,9.942004874551504,0.4302681042228212,6,Alternative scenario plan benchmark. Safety car window creates a cheaper stop opportunity around lap 42. Projected finish: P9. Pit-cycle recovery probability: 0.43.
Japan,LEC,Ferrari,2,MEDIUM-HARD-SOFT,13-45,late_safety_car,5097.130325362126,10.160674740865034,0.49550000000000005,False,2,MEDIUM,45.0,9.0,1.2402,35.0,9,7,10.0270884948173,0.448934770889488,6,Alternative scenario plan benchmark. Safety car window creates a cheaper stop opportunity around lap 45. Projected finish: P9. Pit-cycle recovery probability: 0.45.
Japan,LEC,Ferrari,2,MEDIUM-HARD,21,mid_safety_car,5079.076368219269,0.0,0.2205,True,1,MEDIUM,21.0,9.0,1.2402,13.0,6,4,6.455125000000001,0.4450030548068285,2,Best expected race time for this scenario. Safety car window creates a cheaper stop opportunity around lap 21. Projected finish: P6. Pit-cycle recovery probability: 0.45.
Japan,LEC,Ferrari,2,MEDIUM-HARD-MEDIUM,20-32,mid_safety_car,5094.73896964784,15.662601428571179,0.34550000000000003,False,2,MEDIUM,20.0,18.0,1.2402,26.0,9,7,10.099627028571422,0.41697070979335127,5,Alternative scenario plan benchmark. Safety car window creates a cheaper stop opportunity around lap 20. Projected finish: P9. Pit-cycle recovery probability: 0.42.
Japan,LEC,Ferrari,2,MEDIUM-HARD-SOFT,21-46,mid_safety_car,5099.575779568107,20.499411348837384,0.49550000000000005,False,2,MEDIUM,21.0,9.0,1.2402,35.0,9,7,10.233863226976746,0.4217649595687332,6,Alternative scenario plan benchmark. Safety car window creates a cheaper stop opportunity around lap 21. Projected finish: P9. Pit-cycle recovery probability: 0.42.
Japan,LEC,Ferrari,2,MEDIUM-HARD,15,no_safety_car,5086.969650621261,0.0,0.2205,True,1,MEDIUM,,0.0,1.2402,22.0,7,5,7.555125,0.44442803234501344,4,Best no-safety-car race time with one-stop strategy. Projected finish: P7. Pit-cycle recovery probability: 0.44.
Japan,LEC,Ferrari,2,MEDIUM-HARD-MEDIUM,13-42,no_safety_car,5103.7511443488365,16.781493727575253,0.34550000000000003,False,2,MEDIUM,,0.0,1.2402,44.0,11,9,12.322004874551507,0.4093157232704403,8,Alternative scenario plan benchmark. Projected finish: P11. Pit-cycle recovery probability: 0.41.
Japan,LEC,Ferrari,2,MEDIUM-HARD-SOFT,13-45,no_safety_car,5106.130325362126,19.160674740865034,0.49550000000000005,False,2,MEDIUM,,0.0,1.2402,44.0,11,9,12.407088494817302,0.42798238993710697,8,Alternative scenario plan benchmark. Projected finish: P11. Pit-cycle recovery probability: 0.43.
Japan,LIN,Racing Bulls,9,MEDIUM-HARD,15,early_safety_car,5147.815267647058,0.0,0.2205,True,1,MEDIUM,15.0,9.0,5.580900000000001,13.0,15,6,15.655125,0.4453804132973945,2,Best expected race time for this scenario. Safety car window creates a cheaper stop opportunity around lap 15. High starting position penalty makes track position protection important. Projected finish: P15. Pit-cycle recovery probability: 0.45.
Japan,LIN,Racing Bulls,9,MEDIUM-HARD-MEDIUM,9-44,early_safety_car,5166.216323529412,18.40105588235383,0.34550000000000003,False,2,MEDIUM,9.0,9.0,5.580900000000001,35.0,18,9,19.354396117647074,0.4238530098831986,6,Alternative scenario plan benchmark. Safety car window creates a cheaper stop opportunity around lap 9. High starting position penalty makes track position protection important. Projected finish: P18. Pit-cycle recovery probability: 0.42.
Japan,LIN,Racing Bulls,9,MEDIUM-HARD-SOFT,9-46,early_safety_car,5167.0061117647065,19.19084411764834,0.49550000000000005,False,2,MEDIUM,9.0,9.0,5.580900000000001,35.0,18,9,19.407691882352967,0.4425196765498652,6,Alternative scenario plan benchmark. Safety car window creates a cheaper stop opportunity around lap 9. High starting position penalty makes track position protection important. Projected finish: P18. Pit-cycle recovery probability: 0.44.
Japan,LIN,Racing Bulls,9,MEDIUM-HARD,15,late_safety_car,5156.815267647058,0.0,0.2205,True,1,MEDIUM,,0.0,5.580900000000001,22.0,16,7,16.755125,0.4244280323450134,4,Best expected race time for this scenario. High starting position penalty makes track position protection important. Projected finish: P16. Pit-cycle recovery probability: 0.42.
Japan,LIN,Racing Bulls,9,MEDIUM-HARD-MEDIUM,9-44,late_safety_car,5166.216323529412,9.40105588235383,0.34550000000000003,False,2,MEDIUM,44.0,9.0,5.580900000000001,35.0,18,9,19.174396117647074,0.4238530098831986,6,Alternative scenario plan benchmark. Safety car window creates a cheaper stop opportunity around lap 44. High starting position penalty makes track position protection important. Projected finish: P18. Pit-cycle recovery probability: 0.42.
Japan,LIN,Racing Bulls,9,MEDIUM-HARD-SOFT,9-46,late_safety_car,5167.0061117647065,10.19084411764834,0.49550000000000005,False,2,MEDIUM,46.0,9.0,5.580900000000001,35.0,18,9,19.227691882352968,0.4425196765498652,6,Alternative scenario plan benchmark. Safety car window creates a cheaper stop opportunity around lap 46. High starting position penalty makes track position protection important. Projected finish: P18. Pit-cycle recovery probability: 0.44.
Japan,LIN,Racing Bulls,9,MEDIUM-HARD,20,mid_safety_car,5152.734517647058,0.0,0.2205,True,1,MEDIUM,20.0,4.08075000000008,5.580900000000001,13.0,15,6,15.655125,0.42839928122192267,2,Best expected race time for this scenario. Safety car window creates a cheaper stop opportunity around lap 20. High starting position penalty makes track position protection important. Projected finish: P15. Pit-cycle recovery probability: 0.43.
Japan,LIN,Racing Bulls,9,MEDIUM-HARD-MEDIUM,20-46,mid_safety_car,5174.15339117647,21.41887352941194,0.34550000000000003,False,2,MEDIUM,20.0,1.241547058823926,5.580900000000001,35.0,19,10,20.51475247058824,0.38649451931716083,6,Alternative scenario plan benchmark. Safety car window creates a cheaper stop opportunity around lap 20. High starting position penalty makes track position protection important. Projected finish: P19. Pit-cycle recovery probability: 0.39.
Japan,LIN,Racing Bulls,9,MEDIUM-HARD-SOFT,20-47,mid_safety_car,5174.679517647059,21.94500000000062,0.49550000000000005,False,2,MEDIUM,20.0,1.421547058824217,5.580900000000001,35.0,19,10,20.562775000000013,0.40516118598382755,6,Alternative scenario plan benchmark. Safety car window creates a cheaper stop opportunity around lap 20. High starting position penalty makes track position protection important. Projected finish: P19. Pit-cycle recovery probability: 0.41.
Japan,LIN,Racing Bulls,9,MEDIUM-HARD,15,no_safety_car,5156.815267647058,0.0,0.2205,True,1,MEDIUM,,0.0,5.580900000000001,22.0,16,7,16.755125,0.4244280323450134,4,Best no-safety-car race time with one-stop strategy. High starting position penalty makes track position protection important. Projected finish: P16. Pit-cycle recovery probability: 0.42.
Japan,LIN,Racing Bulls,9,MEDIUM-HARD-MEDIUM,9-44,no_safety_car,5175.216323529412,18.40105588235383,0.34550000000000003,False,2,MEDIUM,,0.0,5.580900000000001,44.0,20,11,21.554396117647077,0.4029006289308176,8,Alternative scenario plan benchmark. High starting position penalty makes track position protection important. Projected finish: P20. Pit-cycle recovery probability: 0.40.
Japan,LIN,Racing Bulls,9,MEDIUM-HARD-SOFT,9-46,no_safety_car,5176.0061117647065,19.19084411764834,0.49550000000000005,False,2,MEDIUM,,0.0,5.580900000000001,44.0,20,11,21.60769188235297,0.42156729559748435,8,Alternative scenario plan benchmark. High starting position penalty makes track position protection important. Projected finish: P20. Pit-cycle recovery probability: 0.42.
Japan,NOR,McLaren,3,MEDIUM-HARD,15,early_safety_car,5088.56103357397,0.0,0.2205,True,1,MEDIUM,15.0,9.0,1.8603,13.0,7,4,7.455125000000001,0.4625232704402516,2,Best expected race time for this scenario. Safety car window creates a cheaper stop opportunity around lap 15. Projected finish: P7. Pit-cycle recovery probability: 0.46.
Japan,NOR,McLaren,3,MEDIUM-HARD-MEDIUM,15-37,early_safety_car,5098.349496261834,9.788462687864012,0.34550000000000003,False,2,MEDIUM,15.0,9.0,1.8603,35.0,9,6,9.88214425375728,0.4206185085354897,6,Alternative scenario plan benchmark. Safety car window creates a cheaper stop opportunity around lap 15. Projected finish: P9. Pit-cycle recovery probability: 0.42.
Japan,NOR,McLaren,3,MEDIUM-HARD-SOFT,15-43,early_safety_car,5102.554542234652,13.993508660681982,0.49550000000000005,False,2,MEDIUM,15.0,9.0,1.8603,35.0,9,6,10.00374517321364,0.4392851752021563,6,Alternative scenario plan benchmark. Safety car window creates a cheaper stop opportunity around lap 15. Projected finish: P9. Pit-cycle recovery probability: 0.44.
Japan,NOR,McLaren,3,MEDIUM-HARD,22,late_safety_car,5094.665110685485,0.0,0.2205,True,1,MEDIUM,,0.0,1.8603,22.0,8,5,8.555125,0.4177973045822102,4,Best expected race time for this scenario. Projected finish: P8. Pit-cycle recovery probability: 0.42.
Japan,NOR,McLaren,3,MEDIUM-HARD-MEDIUM,16-38,late_safety_car,5098.349496261835,3.684385576349996,0.34550000000000003,False,2,MEDIUM,38.0,17.669905196408763,1.8603,35.0,9,6,9.760062711527,0.41722228212039525,6,Alternative scenario plan benchmark. Safety car window creates a cheaper stop opportunity around lap 38. Projected finish: P9. Pit-cycle recovery probability: 0.42.
Japan,NOR,McLaren,3,MEDIUM-HARD-SOFT,21-43,late_safety_car,5102.142144613485,7.4770339279994005,0.49550000000000005,False,2,MEDIUM,43.0,9.0,1.8603,35.0,9,6,9.873415678559988,0.41890781671159033,6,Alternative scenario plan benchmark. Safety car window creates a cheaper stop opportunity around lap 43. Projected finish: P9. Pit-cycle recovery probability: 0.42.
Japan,NOR,McLaren,3,MEDIUM-HARD,22,mid_safety_car,5085.665110685485,0.0,0.2205,True,1,MEDIUM,22.0,9.0,1.8603,13.0,7,4,7.455125000000001,0.4387496855345912,2,Best expected race time for this scenario. Safety car window creates a cheaper stop opportunity around lap 22. Projected finish: P7. Pit-cycle recovery probability: 0.44.
Japan,NOR,McLaren,3,MEDIUM-HARD-MEDIUM,20-32,mid_safety_car,5093.128892966489,7.46378228100366,0.34550000000000003,False,2,MEDIUM,20.0,18.0,1.8603,26.0,9,6,9.835650645620072,0.4141135669362084,5,Alternative scenario plan benchmark. Safety car window creates a cheaper stop opportunity around lap 20. Projected finish: P9. Pit-cycle recovery probability: 0.41.
Japan,NOR,McLaren,3,MEDIUM-HARD-SOFT,21-43,mid_safety_car,5102.142144613485,16.4770339279994,0.49550000000000005,False,2,MEDIUM,21.0,9.0,1.8603,35.0,9,6,10.053415678559988,0.41890781671159033,6,Alternative scenario plan benchmark. Safety car window creates a cheaper stop opportunity around lap 21. Projected finish: P9. Pit-cycle recovery probability: 0.42.
Japan,NOR,McLaren,3,MEDIUM-HARD,22,no_safety_car,5094.665110685485,0.0,0.2205,True,1,MEDIUM,,0.0,1.8603,22.0,8,5,8.555125,0.4177973045822102,4,Best no-safety-car race time with one-stop strategy. Projected finish: P8. Pit-cycle recovery probability: 0.42.
Japan,NOR,McLaren,3,MEDIUM-HARD-MEDIUM,15-37,no_safety_car,5107.349496261834,12.684385576349086,0.34550000000000003,False,2,MEDIUM,,0.0,1.8603,44.0,11,8,12.140062711526983,0.3996661275831087,8,Alternative scenario plan benchmark. Projected finish: P11. Pit-cycle recovery probability: 0.40.
Japan,NOR,McLaren,3,MEDIUM-HARD-SOFT,21-43,no_safety_car,5111.142144613485,16.4770339279994,0.49550000000000005,False,2,MEDIUM,,0.0,1.8603,44.0,11,8,12.253415678559989,0.39795543575920944,8,Alternative scenario plan benchmark. Projected finish: P11. Pit-cycle recovery probability: 0.40.
Japan,OCO,Haas F1 Team,11,MEDIUM-HARD,15,early_safety_car,5126.437783823528,0.0,0.2205,True,1,MEDIUM,15.0,9.0,6.8211,13.0,12,1,12.155125,0.4396661275831087,2,Best expected race time for this scenario. Safety car window creates a cheaper stop opportunity around lap 15. High starting position penalty makes track position protection important. Projected finish: P12. Pit-cycle recovery probability: 0.44.
Japan,OCO,Haas F1 Team,11,MEDIUM-HARD-MEDIUM,8-45,early_safety_car,5144.382864705884,17.945080882355796,0.34550000000000003,False,2,MEDIUM,8.0,9.0,6.8211,35.0,17,6,18.04527661764712,0.4215349505840072,6,Alternative scenario plan benchmark. Safety car window creates a cheaper stop opportunity around lap 8. High starting position penalty makes track position protection important. Projected finish: P17. Pit-cycle recovery probability: 0.42.
Japan,OCO,Haas F1 Team,11,MEDIUM-HARD-SOFT,8-46,early_safety_car,5144.886482352942,18.448698529414287,0.49550000000000005,False,2,MEDIUM,8.0,9.0,6.8211,35.0,17,6,18.09284897058829,0.440201617250674,6,Alternative scenario plan benchmark. Safety car window creates a cheaper stop opportunity around lap 8. High starting position penalty makes track position protection important. Projected finish: P17. Pit-cycle recovery probability: 0.44.
Japan,OCO,Haas F1 Team,11,MEDIUM-HARD,15,late_safety_car,5135.437783823528,0.0,0.2205,True,1,MEDIUM,,0.0,6.8211,22.0,13,2,13.255125,0.41871374663072786,4,Best expected race time for this scenario. High starting position penalty makes track position protection important. Projected finish: P13. Pit-cycle recovery probability: 0.42.
Japan,OCO,Haas F1 Team,11,MEDIUM-HARD-MEDIUM,8-45,late_safety_car,5144.382864705884,8.945080882355796,0.34550000000000003,False,2,MEDIUM,45.0,9.0,6.8211,35.0,15,4,15.665276617647116,0.4215349505840072,6,Alternative scenario plan benchmark. Safety car window creates a cheaper stop opportunity around lap 45. High starting position penalty makes track position protection important. Projected finish: P15. Pit-cycle recovery probability: 0.42.
Japan,OCO,Haas F1 Team,11,MEDIUM-HARD-SOFT,8-46,late_safety_car,5144.886482352942,9.448698529414287,0.49550000000000005,False,2,MEDIUM,46.0,9.0,6.8211,35.0,15,4,15.712848970588286,0.440201617250674,6,Alternative scenario plan benchmark. Safety car window creates a cheaper stop opportunity around lap 46. High starting position penalty makes track position protection important. Projected finish: P15. Pit-cycle recovery probability: 0.44.
Japan,OCO,Haas F1 Team,11,MEDIUM-HARD,20,mid_safety_car,5132.225908823529,0.0,0.2205,True,1,MEDIUM,20.0,3.211874999999054,6.8211,13.0,12,1,12.155125,0.4226849955076371,2,Best expected race time for this scenario. Safety car window creates a cheaper stop opportunity around lap 20. High starting position penalty makes track position protection important. Projected finish: P12. Pit-cycle recovery probability: 0.42.
Japan,OCO,Haas F1 Team,11,MEDIUM-HARD-MEDIUM,8-45,mid_safety_car,5153.382864705884,21.15695588235485,0.34550000000000003,False,2,MEDIUM,,0.0,6.8211,44.0,19,8,20.309514117647097,0.4005825696316263,8,Alternative scenario plan benchmark. High starting position penalty makes track position protection important. Projected finish: P19. Pit-cycle recovery probability: 0.40.
Japan,OCO,Haas F1 Team,11,MEDIUM-HARD-SOFT,8-46,mid_safety_car,5153.886482352942,21.66057352941334,0.49550000000000005,False,2,MEDIUM,,0.0,6.8211,44.0,19,8,20.357086470588268,0.41924923629829297,8,Alternative scenario plan benchmark. High starting position penalty makes track position protection important. Projected finish: P19. Pit-cycle recovery probability: 0.42.
Japan,OCO,Haas F1 Team,11,MEDIUM-HARD,15,no_safety_car,5135.437783823528,0.0,0.2205,True,1,MEDIUM,,0.0,6.8211,22.0,13,2,13.255125,0.41871374663072786,4,Best no-safety-car race time with one-stop strategy. High starting position penalty makes track position protection important. Projected finish: P13. Pit-cycle recovery probability: 0.42.
Japan,OCO,Haas F1 Team,11,MEDIUM-HARD-MEDIUM,8-45,no_safety_car,5153.382864705884,17.945080882355796,0.34550000000000003,False,2,MEDIUM,,0.0,6.8211,44.0,19,8,20.245276617647118,0.4005825696316263,8,Alternative scenario plan benchmark. High starting position penalty makes track position protection important. Projected finish: P19. Pit-cycle recovery probability: 0.40.
Japan,OCO,Haas F1 Team,11,MEDIUM-HARD-SOFT,8-46,no_safety_car,5153.886482352942,18.448698529414287,0.49550000000000005,False,2,MEDIUM,,0.0,6.8211,44.0,19,8,20.292848970588288,0.41924923629829297,8,Alternative scenario plan benchmark. High starting position penalty makes track position protection important. Projected finish: P19. Pit-cycle recovery probability: 0.42.
Japan,PER,Cadillac,18,MEDIUM-HARD,15,early_safety_car,5191.339540990187,0.0,0.2205,True,1,MEDIUM,15.0,9.0,11.161800000000001,13.0,20,2,20.255125,0.4196661275831087,2,Best expected race time for this scenario. Safety car window creates a cheaper stop opportunity around lap 15. High starting position penalty makes track position protection important. Projected finish: P20. Pit-cycle recovery probability: 0.42.
Japan,PER,Cadillac,18,MEDIUM-HARD-MEDIUM,13-41,early_safety_car,5205.913663453206,14.574122463019194,0.34550000000000003,False,2,MEDIUM,13.0,9.0,11.161800000000001,35.0,21,3,21.677857449260387,0.4055061994609165,4,Alternative scenario plan benchmark. Safety car window creates a cheaper stop opportunity around lap 13. High starting position penalty makes track position protection important. Projected finish: P21. Pit-cycle recovery probability: 0.41.
Japan,PER,Cadillac,18,MEDIUM-HARD-SOFT,13-43,early_safety_car,5208.416176549976,17.076635559788883,0.49550000000000005,False,2,MEDIUM,13.0,9.0,11.161800000000001,35.0,21,3,21.76540771119578,0.42417286612758326,4,Alternative scenario plan benchmark. Safety car window creates a cheaper stop opportunity around lap 13. High starting position penalty makes track position protection important. Projected finish: P21. Pit-cycle recovery probability: 0.42.
Japan,PER,Cadillac,18,MEDIUM-HARD,16,late_safety_car,5200.243806211006,0.0,0.2205,True,1,MEDIUM,,0.0,11.161800000000001,22.0,21,3,21.355125,0.3953175202156334,4,Best expected race time for this scenario. High starting position penalty makes track position protection important. Projected finish: P21. Pit-cycle recovery probability: 0.40.
Japan,PER,Cadillac,18,MEDIUM-HARD-MEDIUM,13-41,late_safety_car,5205.913663453206,5.669857242200123,0.34550000000000003,False,2,MEDIUM,41.0,9.0,11.161800000000001,35.0,21,3,21.499772144844002,0.4055061994609165,4,Alternative scenario plan benchmark. Safety car window creates a cheaper stop opportunity around lap 41. High starting position penalty makes track position protection important. Projected finish: P21. Pit-cycle recovery probability: 0.41.
Japan,PER,Cadillac,18,MEDIUM-HARD-SOFT,13-43,late_safety_car,5208.416176549976,8.172370338969813,0.49550000000000005,False,2,MEDIUM,43.0,9.0,11.161800000000001,35.0,21,3,21.5873224067794,0.42417286612758326,4,Alternative scenario plan benchmark. Safety car window creates a cheaper stop opportunity around lap 43. High starting position penalty makes track position protection important. Projected finish: P21. Pit-cycle recovery probability: 0.42.
Japan,PER,Cadillac,18,MEDIUM-HARD,21,mid_safety_car,5191.600526424811,0.0,0.2205,True,1,MEDIUM,21.0,9.0,11.161800000000001,13.0,20,2,20.255125,0.39928876909254274,2,Best expected race time for this scenario. Safety car window creates a cheaper stop opportunity around lap 21. High starting position penalty makes track position protection important. Projected finish: P20. Pit-cycle recovery probability: 0.40.
Japan,PER,Cadillac,18,MEDIUM-HARD-MEDIUM,20-32,mid_safety_car,5205.300776600778,13.700250175967085,0.34550000000000003,False,2,MEDIUM,20.0,18.0,11.161800000000001,26.0,21,3,21.660380003519343,0.3817326145552561,4,Alternative scenario plan benchmark. Safety car window creates a cheaper stop opportunity around lap 20. High starting position penalty makes track position protection important. Projected finish: P21. Pit-cycle recovery probability: 0.38.
Japan,PER,Cadillac,18,MEDIUM-HARD-SOFT,21-45,mid_safety_car,5210.45959651028,18.859070085469284,0.49550000000000005,False,2,MEDIUM,21.0,9.0,11.161800000000001,35.0,21,3,21.80105640170939,0.3970030548068285,4,Alternative scenario plan benchmark. Safety car window creates a cheaper stop opportunity around lap 21. High starting position penalty makes track position protection important. Projected finish: P21. Pit-cycle recovery probability: 0.40.
Japan,PER,Cadillac,18,MEDIUM-HARD,16,no_safety_car,5200.243806211006,0.0,0.2205,True,1,MEDIUM,,0.0,11.161800000000001,22.0,21,3,21.355125,0.3953175202156334,4,Best no-safety-car race time with one-stop strategy. High starting position penalty makes track position protection important. Projected finish: P21. Pit-cycle recovery probability: 0.40.
Japan,PER,Cadillac,18,MEDIUM-HARD-MEDIUM,13-41,no_safety_car,5214.913663453206,14.669857242200123,0.34550000000000003,False,2,MEDIUM,,0.0,11.161800000000001,44.0,21,3,21.679772144844005,0.4055061994609165,4,Alternative scenario plan benchmark. High starting position penalty makes track position protection important. Projected finish: P21. Pit-cycle recovery probability: 0.41.
Japan,PER,Cadillac,18,MEDIUM-HARD-SOFT,13-43,no_safety_car,5217.416176549976,17.172370338969813,0.49550000000000005,False,2,MEDIUM,,0.0,11.161800000000001,44.0,21,3,21.7673224067794,0.42417286612758326,4,Alternative scenario plan benchmark. High starting position penalty makes track position protection important. Projected finish: P21. Pit-cycle recovery probability: 0.42.
Japan,PIA,McLaren,1,MEDIUM-HARD,15,early_safety_car,5063.067726069059,0.0,0.2205,True,1,MEDIUM,15.0,9.0,0.6201,13.0,3,2,3.255125,0.46823755615453716,2,Best expected race time for this scenario. Safety car window creates a cheaper stop opportunity around lap 15. Projected finish: P3. Pit-cycle recovery probability: 0.47.
Japan,PIA,McLaren,1,MEDIUM-HARD-MEDIUM,15-38,early_safety_car,5076.108111544894,13.040385475835137,0.34550000000000003,False,2,MEDIUM,15.0,9.0,0.6201,35.0,6,5,6.847182709516703,0.42633279424977527,6,Alternative scenario plan benchmark. Safety car window creates a cheaper stop opportunity around lap 15. Projected finish: P6. Pit-cycle recovery probability: 0.43.
Japan,PIA,McLaren,1,MEDIUM-HARD-SOFT,15-44,early_safety_car,5080.257279012521,17.18955294346233,0.49550000000000005,False,2,MEDIUM,15.0,9.0,0.6201,35.0,8,7,9.167666058869246,0.4449994609164421,6,Alternative scenario plan benchmark. Safety car window creates a cheaper stop opportunity around lap 15. Projected finish: P8. Pit-cycle recovery probability: 0.44.
Japan,PIA,McLaren,1,MEDIUM-HARD,21,late_safety_car,5070.042113682062,0.0,0.2205,True,1,MEDIUM,,0.0,0.6201,22.0,5,4,5.455125000000001,0.42690781671159034,4,Best expected race time for this scenario. Projected finish: P5. Pit-cycle recovery probability: 0.43.
Japan,PIA,McLaren,1,MEDIUM-HARD-MEDIUM,15-38,late_safety_car,5076.108111544894,6.065997862831864,0.34550000000000003,False,2,MEDIUM,38.0,15.926854319287486,0.6201,35.0,6,5,6.707694957256638,0.42633279424977527,6,Alternative scenario plan benchmark. Safety car window creates a cheaper stop opportunity around lap 38. Projected finish: P6. Pit-cycle recovery probability: 0.43.
Japan,PIA,McLaren,1,MEDIUM-HARD-SOFT,21-45,late_safety_car,5079.890671417959,9.848557735896975,0.49550000000000005,False,2,MEDIUM,45.0,9.0,0.6201,35.0,6,5,6.820846154717939,0.4246221024258761,6,Alternative scenario plan benchmark. Safety car window creates a cheaper stop opportunity around lap 45. Projected finish: P6. Pit-cycle recovery probability: 0.42.
Japan,PIA,McLaren,1,MEDIUM-HARD,21,mid_safety_car,5061.042113682062,0.0,0.2205,True,1,MEDIUM,21.0,9.0,0.6201,13.0,4,3,4.355125,0.44786019766397117,2,Best expected race time for this scenario. Safety car window creates a cheaper stop opportunity around lap 21. Projected finish: P4. Pit-cycle recovery probability: 0.45.
Japan,PIA,McLaren,1,MEDIUM-HARD-MEDIUM,21-32,mid_safety_car,5070.542666448379,9.500552766317014,0.34550000000000003,False,2,MEDIUM,21.0,18.0,0.6201,26.0,6,5,6.77638605532634,0.41643162623539975,5,Alternative scenario plan benchmark. Safety car window creates a cheaper stop opportunity around lap 21. Projected finish: P6. Pit-cycle recovery probability: 0.42.
Japan,PIA,McLaren,1,MEDIUM-HARD-SOFT,21-45,mid_safety_car,5079.890671417959,18.848557735896975,0.49550000000000005,False,2,MEDIUM,21.0,9.0,0.6201,35.0,8,7,9.200846154717938,0.4246221024258761,6,Alternative scenario plan benchmark. Safety car window creates a cheaper stop opportunity around lap 21. Projected finish: P8. Pit-cycle recovery probability: 0.42.
Japan,PIA,McLaren,1,MEDIUM-HARD,21,no_safety_car,5070.042113682062,0.0,0.2205,True,1,MEDIUM,,0.0,0.6201,22.0,5,4,5.455125000000001,0.42690781671159034,4,Best no-safety-car race time with one-stop strategy. Projected finish: P5. Pit-cycle recovery probability: 0.43.
Japan,PIA,McLaren,1,MEDIUM-HARD-MEDIUM,15-38,no_safety_car,5085.108111544894,15.065997862831864,0.34550000000000003,False,2,MEDIUM,,0.0,0.6201,44.0,8,7,9.087694957256637,0.4053804132973944,8,Alternative scenario plan benchmark. Projected finish: P8. Pit-cycle recovery probability: 0.41.
Japan,PIA,McLaren,1,MEDIUM-HARD-SOFT,21-45,no_safety_car,5088.890671417959,18.848557735896975,0.49550000000000005,False,2,MEDIUM,,0.0,0.6201,44.0,10,9,11.40084615471794,0.4036697214734952,8,Alternative scenario plan benchmark. Projected finish: P10. Pit-cycle recovery probability: 0.40.
Japan,RUS,Mercedes,4,MEDIUM-HARD,15,early_safety_car,5030.006053135402,0.0,0.2205,True,1,MEDIUM,15.0,9.0,2.4804,13.0,3,-1,3.055125,0.4596661275831087,2,Best expected race time for this scenario. Safety car window creates a cheaper stop opportunity around lap 15. Projected finish: P3. Pit-cycle recovery probability: 0.46.
Japan,RUS,Mercedes,4,MEDIUM-HARD-MEDIUM,13-43,early_safety_car,5047.715092847503,17.709039712101003,0.34550000000000003,False,2,MEDIUM,13.0,9.0,2.4804,35.0,5,1,5.54055579424202,0.4245538185085354,6,Alternative scenario plan benchmark. Safety car window creates a cheaper stop opportunity around lap 13. Projected finish: P5. Pit-cycle recovery probability: 0.42.
Japan,RUS,Mercedes,4,MEDIUM-HARD-SOFT,13-45,early_safety_car,5049.587553054432,19.58149991902974,0.49550000000000005,False,2,MEDIUM,13.0,9.0,2.4804,35.0,5,1,5.615504998380595,0.44322048517520224,6,Alternative scenario plan benchmark. Safety car window creates a cheaper stop opportunity around lap 13. Projected finish: P5. Pit-cycle recovery probability: 0.44.
Japan,RUS,Mercedes,4,MEDIUM-HARD,15,late_safety_car,5039.006053135402,0.0,0.2205,True,1,MEDIUM,,0.0,2.4804,22.0,4,0,4.055125,0.43871374663072765,4,Best expected race time for this scenario. Projected finish: P4. Pit-cycle recovery probability: 0.44.
Japan,RUS,Mercedes,4,MEDIUM-HARD-MEDIUM,13-43,late_safety_car,5047.715092847503,8.709039712101003,0.34550000000000003,False,2,MEDIUM,43.0,9.0,2.4804,35.0,5,1,5.36055579424202,0.4245538185085354,6,Alternative scenario plan benchmark. Safety car window creates a cheaper stop opportunity around lap 43. Projected finish: P5. Pit-cycle recovery probability: 0.42.
Japan,RUS,Mercedes,4,MEDIUM-HARD-SOFT,13-45,late_safety_car,5049.587553054432,10.581499919029739,0.49550000000000005,False,2,MEDIUM,45.0,9.0,2.4804,35.0,5,1,5.435504998380594,0.44322048517520224,6,Alternative scenario plan benchmark. Safety car window creates a cheaper stop opportunity around lap 45. Projected finish: P5. Pit-cycle recovery probability: 0.44.
Japan,RUS,Mercedes,4,MEDIUM-HARD,20,mid_safety_car,5032.333157948718,0.0,0.2205,True,1,MEDIUM,20.0,6.6728951866844,2.4804,13.0,3,-1,3.055125,0.4426849955076369,2,Best expected race time for this scenario. Safety car window creates a cheaper stop opportunity around lap 20. Projected finish: P3. Pit-cycle recovery probability: 0.44.
Japan,RUS,Mercedes,4,MEDIUM-HARD-MEDIUM,20-32,mid_safety_car,5050.4683609716585,18.135203022940914,0.34550000000000003,False,2,MEDIUM,20.0,18.0,2.4804,26.0,5,1,5.549079060458818,0.4112564240790655,5,Alternative scenario plan benchmark. Safety car window creates a cheaper stop opportunity around lap 20. Projected finish: P5. Pit-cycle recovery probability: 0.41.
Japan,RUS,Mercedes,4,MEDIUM-HARD-SOFT,20-46,mid_safety_car,5053.248177777778,20.91501982906084,0.49550000000000005,False,2,MEDIUM,20.0,6.435984129554527,2.4804,35.0,5,1,5.642175396581217,0.41944690026954184,6,Alternative scenario plan benchmark. Safety car window creates a cheaper stop opportunity around lap 20. Projected finish: P5. Pit-cycle recovery probability: 0.42.
Japan,RUS,Mercedes,4,MEDIUM-HARD,15,no_safety_car,5039.006053135402,0.0,0.2205,True,1,MEDIUM,,0.0,2.4804,22.0,4,0,4.055125,0.43871374663072765,4,Best no-safety-car race time with one-stop strategy. Projected finish: P4. Pit-cycle recovery probability: 0.44.
Japan,RUS,Mercedes,4,MEDIUM-HARD-MEDIUM,13-43,no_safety_car,5056.715092847503,17.709039712101003,0.34550000000000003,False,2,MEDIUM,,0.0,2.4804,44.0,7,3,7.74055579424202,0.4036014375561545,8,Alternative scenario plan benchmark. Projected finish: P7. Pit-cycle recovery probability: 0.40.
Japan,RUS,Mercedes,4,MEDIUM-HARD-SOFT,13-45,no_safety_car,5058.587553054432,19.58149991902974,0.49550000000000005,False,2,MEDIUM,,0.0,2.4804,44.0,7,3,7.815504998380595,0.4222681042228212,8,Alternative scenario plan benchmark. Projected finish: P7. Pit-cycle recovery probability: 0.42.
Japan,SAI,Williams,15,MEDIUM-HARD,15,early_safety_car,5143.4510743589735,0.0,0.2205,True,1,MEDIUM,15.0,9.0,9.3015,13.0,16,1,16.155125,0.42823755615453735,2,Best expected race time for this scenario. Safety car window creates a cheaper stop opportunity around lap 15. High starting position penalty makes track position protection important. Projected finish: P16. Pit-cycle recovery probability: 0.43.
Japan,SAI,Williams,15,MEDIUM-HARD-MEDIUM,15-33,early_safety_car,5159.405176923076,15.954102564102868,0.34550000000000003,False,2,MEDIUM,15.0,9.0,9.3015,35.0,21,6,22.005457051282058,0.3863327942497754,6,Alternative scenario plan benchmark. Safety car window creates a cheaper stop opportunity around lap 15. High starting position penalty makes track position protection important. Projected finish: P21. Pit-cycle recovery probability: 0.39.
Japan,SAI,Williams,15,MEDIUM-HARD-SOFT,15-47,early_safety_car,5164.702982051281,21.251907692307213,0.49550000000000005,False,2,MEDIUM,15.0,9.0,9.3015,35.0,21,6,22.14891315384615,0.4049994609164421,6,Alternative scenario plan benchmark. Safety car window creates a cheaper stop opportunity around lap 15. High starting position penalty makes track position protection important. Projected finish: P21. Pit-cycle recovery probability: 0.40.
Japan,SAI,Williams,15,MEDIUM-HARD,27,late_safety_car,5149.327166666667,0.0,0.2205,True,1,MEDIUM,,0.0,9.3015,22.0,17,2,17.255125,0.36653045822102426,4,Best expected race time for this scenario. High starting position penalty makes track position protection important. Projected finish: P17. Pit-cycle recovery probability: 0.37.
Japan,SAI,Williams,15,MEDIUM-HARD-MEDIUM,21-38,late_safety_car,5158.730212820512,9.403046153845025,0.34550000000000003,False,2,MEDIUM,38.0,10.21816923076949,9.3015,35.0,20,5,20.7744359230769,0.3659554357592094,6,Alternative scenario plan benchmark. Safety car window creates a cheaper stop opportunity around lap 38. High starting position penalty makes track position protection important. Projected finish: P20. Pit-cycle recovery probability: 0.37.
Japan,SAI,Williams,15,MEDIUM-HARD-SOFT,24-47,late_safety_car,5162.637612820513,13.310446153845987,0.49550000000000005,False,2,MEDIUM,47.0,9.0,9.3015,35.0,20,5,20.890083923076922,0.37443342318059303,6,Alternative scenario plan benchmark. Safety car window creates a cheaper stop opportunity around lap 47. High starting position penalty makes track position protection important. Projected finish: P20. Pit-cycle recovery probability: 0.37.
Japan,SAI,Williams,15,MEDIUM-HARD,27,mid_safety_car,5140.327166666667,0.0,0.2205,True,1,MEDIUM,27.0,9.0,9.3015,13.0,15,0,15.055125,0.3874828391734052,2,Best expected race time for this scenario. Safety car window creates a cheaper stop opportunity around lap 27. High starting position penalty makes track position protection important. Projected finish: P15. Pit-cycle recovery probability: 0.39.
Japan,SAI,Williams,15,MEDIUM-HARD-MEDIUM,21-32,mid_safety_car,5149.995089743589,9.667923076922307,0.34550000000000003,False,2,MEDIUM,21.0,18.0,9.3015,26.0,18,3,18.579733461538446,0.37643162623539983,5,Alternative scenario plan benchmark. Safety car window creates a cheaper stop opportunity around lap 21. High starting position penalty makes track position protection important. Projected finish: P18. Pit-cycle recovery probability: 0.38.
Japan,SAI,Williams,15,MEDIUM-HARD-SOFT,24-47,mid_safety_car,5162.637612820513,22.310446153845987,0.49550000000000005,False,2,MEDIUM,24.0,9.0,9.3015,35.0,21,6,22.170083923076923,0.37443342318059303,6,Alternative scenario plan benchmark. Safety car window creates a cheaper stop opportunity around lap 24. High starting position penalty makes track position protection important. Projected finish: P21. Pit-cycle recovery probability: 0.37.
Japan,SAI,Williams,15,MEDIUM-HARD,27,no_safety_car,5149.327166666667,0.0,0.2205,True,1,MEDIUM,,0.0,9.3015,22.0,17,2,17.255125,0.36653045822102426,4,Best no-safety-car race time with one-stop strategy. High starting position penalty makes track position protection important. Projected finish: P17. Pit-cycle recovery probability: 0.37.
Japan,SAI,Williams,15,MEDIUM-HARD-SOFT,24-47,no_safety_car,5171.637612820513,22.310446153845987,0.49550000000000005,False,2,MEDIUM,,0.0,9.3015,44.0,21,6,22.170083923076923,0.3639572327044025,7,Alternative scenario plan benchmark. High starting position penalty makes track position protection important. Projected finish: P21. Pit-cycle recovery probability: 0.36.
Japan,SAI,Williams,15,MEDIUM-HARD-MEDIUM,21-36,no_safety_car,5167.693807692308,18.366641025641,0.34550000000000003,False,2,MEDIUM,,0.0,9.3015,44.0,22,7,23.15370782051282,0.3554792452830189,7,Alternative scenario plan benchmark. High starting position penalty makes track position protection important. Projected finish: P22. Pit-cycle recovery probability: 0.36.
Japan,STR,Aston Martin,21,MEDIUM-HARD,15,early_safety_car,5278.159652631578,0.0,0.2205,True,1,MEDIUM,15.0,9.0,13.022099999999998,13.0,22,1,22.155125,0.4215708894878705,1,Best expected race time for this scenario. Safety car window creates a cheaper stop opportunity around lap 15. High starting position penalty makes track position protection important. Projected finish: P22. Pit-cycle recovery probability: 0.42.
Japan,STR,Aston Martin,21,MEDIUM-HARD-MEDIUM,15-36,early_safety_car,5282.257101754387,4.097449122808939,0.34550000000000003,False,2,MEDIUM,15.0,9.0,13.022099999999998,35.0,22,1,22.26832398245618,0.4215708894878705,1,Alternative scenario plan benchmark. Safety car window creates a cheaper stop opportunity around lap 15. High starting position penalty makes track position protection important. Projected finish: P22. Pit-cycle recovery probability: 0.42.
Japan,STR,Aston Martin,21,MEDIUM-HARD-SOFT,15-41,early_safety_car,5287.289652631578,9.13000000000011,0.49550000000000005,False,2,MEDIUM,15.0,9.0,13.022099999999998,35.0,22,1,22.406475000000004,0.44023755615453736,1,Alternative scenario plan benchmark. Safety car window creates a cheaper stop opportunity around lap 15. High starting position penalty makes track position protection important. Projected finish: P22. Pit-cycle recovery probability: 0.44.
Japan,STR,Aston Martin,21,MEDIUM-HARD,24,late_safety_car,5281.707952631579,0.0,0.2205,True,1,MEDIUM,,0.0,13.022099999999998,22.0,22,1,22.155125,0.3910048517520215,1,Best expected race time for this scenario. High starting position penalty makes track position protection important. Projected finish: P22. Pit-cycle recovery probability: 0.39.
Japan,STR,Aston Martin,21,MEDIUM-HARD-MEDIUM,17-38,late_safety_car,5282.257101754387,0.5491491228076484,0.34550000000000003,False,2,MEDIUM,38.0,17.882636842105967,13.022099999999998,35.0,22,1,22.197357982456154,0.4147784366576819,1,Alternative scenario plan benchmark. Safety car window creates a cheaper stop opportunity around lap 38. High starting position penalty makes track position protection important. Projected finish: P22. Pit-cycle recovery probability: 0.41.
Japan,STR,Aston Martin,21,MEDIUM-HARD-SOFT,21-43,late_safety_car,5286.012205263158,4.304252631578493,0.49550000000000005,False,2,MEDIUM,43.0,9.0,13.022099999999998,35.0,22,1,22.309960052631574,0.41986019766397137,1,Alternative scenario plan benchmark. Safety car window creates a cheaper stop opportunity around lap 43. High starting position penalty makes track position protection important. Projected finish: P22. Pit-cycle recovery probability: 0.42.
Japan,STR,Aston Martin,21,MEDIUM-HARD,24,mid_safety_car,5272.707952631579,0.0,0.2205,True,1,MEDIUM,24.0,9.0,13.022099999999998,13.0,22,1,22.155125,0.3910048517520215,1,Best expected race time for this scenario. Safety car window creates a cheaper stop opportunity around lap 24. High starting position penalty makes track position protection important. Projected finish: P22. Pit-cycle recovery probability: 0.39.
Japan,STR,Aston Martin,21,MEDIUM-HARD-MEDIUM,20-32,mid_safety_car,5276.107538596492,3.399585964913058,0.34550000000000003,False,2,MEDIUM,20.0,18.0,13.022099999999998,26.0,22,1,22.254366719298265,0.4045897574123989,1,Alternative scenario plan benchmark. Safety car window creates a cheaper stop opportunity around lap 20. High starting position penalty makes track position protection important. Projected finish: P22. Pit-cycle recovery probability: 0.40.
Japan,STR,Aston Martin,21,MEDIUM-HARD-SOFT,21-43,mid_safety_car,5286.012205263158,13.304252631578493,0.49550000000000005,False,2,MEDIUM,21.0,9.0,13.022099999999998,35.0,22,1,22.489960052631574,0.41986019766397137,1,Alternative scenario plan benchmark. Safety car window creates a cheaper stop opportunity around lap 21. High starting position penalty makes track position protection important. Projected finish: P22. Pit-cycle recovery probability: 0.42.
Japan,STR,Aston Martin,21,MEDIUM-HARD,24,no_safety_car,5281.707952631579,0.0,0.2205,True,1,MEDIUM,,0.0,13.022099999999998,22.0,22,1,22.155125,0.3910048517520215,1,Best no-safety-car race time with one-stop strategy. High starting position penalty makes track position protection important. Projected finish: P22. Pit-cycle recovery probability: 0.39.
Japan,STR,Aston Martin,21,MEDIUM-HARD-MEDIUM,16-36,no_safety_car,5291.173180701755,9.465228070175726,0.34550000000000003,False,2,MEDIUM,,0.0,13.022099999999998,44.0,22,1,22.375679561403516,0.4181746630727761,1,Alternative scenario plan benchmark. High starting position penalty makes track position protection important. Projected finish: P22. Pit-cycle recovery probability: 0.42.
Japan,STR,Aston Martin,21,MEDIUM-HARD-SOFT,21-43,no_safety_car,5295.012205263158,13.304252631578493,0.49550000000000005,False,2,MEDIUM,,0.0,13.022099999999998,44.0,22,1,22.489960052631574,0.41986019766397137,1,Alternative scenario plan benchmark. High starting position penalty makes track position protection important. Projected finish: P22. Pit-cycle recovery probability: 0.42.
Japan,VER,Red Bull Racing,10,MEDIUM-HARD,30,early_safety_car,5064.331691252491,0.0,0.2205,True,1,MEDIUM,,0.0,6.2010000000000005,22.0,9,-1,9.055125,0.3706274932614555,4,Best expected race time for this scenario. High starting position penalty makes track position protection important. Projected finish: P9. Pit-cycle recovery probability: 0.37.
Japan,VER,Red Bull Racing,10,MEDIUM-HARD-MEDIUM,15-29,early_safety_car,5070.596922322473,6.265231069982292,0.34550000000000003,False,2,MEDIUM,15.0,9.0,6.2010000000000005,35.0,10,0,10.211679621399647,0.40061850853548964,6,Alternative scenario plan benchmark. Safety car window creates a cheaper stop opportunity around lap 15. High starting position penalty makes track position protection important. Projected finish: P10. Pit-cycle recovery probability: 0.40.
Japan,VER,Red Bull Racing,10,MEDIUM-HARD-SOFT,15-43,early_safety_car,5081.233452064777,16.90176081228674,0.49550000000000005,False,2,MEDIUM,15.0,9.0,6.2010000000000005,35.0,12,2,12.661910216245735,0.4192851752021563,6,Alternative scenario plan benchmark. Safety car window creates a cheaper stop opportunity around lap 15. High starting position penalty makes track position protection important. Projected finish: P12. Pit-cycle recovery probability: 0.42.
Japan,VER,Red Bull Racing,10,MEDIUM-HARD,30,late_safety_car,5064.331691252491,0.0,0.2205,True,1,MEDIUM,,0.0,6.2010000000000005,22.0,9,-1,9.055125,0.3706274932614555,4,Best expected race time for this scenario. High starting position penalty makes track position protection important. Projected finish: P9. Pit-cycle recovery probability: 0.37.
Japan,VER,Red Bull Racing,10,MEDIUM-HARD-MEDIUM,24-38,late_safety_car,5069.896922322473,5.565231069982474,0.34550000000000003,False,2,MEDIUM,38.0,9.198753603237492,6.2010000000000005,35.0,10,0,10.197679621399649,0.37005247079964054,6,Alternative scenario plan benchmark. Safety car window creates a cheaper stop opportunity around lap 38. High starting position penalty makes track position protection important. Projected finish: P10. Pit-cycle recovery probability: 0.37.
Japan,VER,Red Bull Racing,10,MEDIUM-HARD-SOFT,28-45,late_safety_car,5075.3378426810605,11.006151428569865,0.49550000000000005,False,2,MEDIUM,45.0,9.0,6.2010000000000005,35.0,10,0,10.343998028571397,0.37513423180593,6,Alternative scenario plan benchmark. Safety car window creates a cheaper stop opportunity around lap 45. High starting position penalty makes track position protection important. Projected finish: P10. Pit-cycle recovery probability: 0.38.
Japan,VER,Red Bull Racing,10,MEDIUM-HARD,30,mid_safety_car,5055.331691252491,0.0,0.2205,True,1,MEDIUM,30.0,9.0,6.2010000000000005,13.0,7,-3,7.055125,0.39157987421383644,2,Best expected race time for this scenario. Safety car window creates a cheaper stop opportunity around lap 30. High starting position penalty makes track position protection important. Projected finish: P7. Pit-cycle recovery probability: 0.39.
Japan,VER,Red Bull Racing,10,MEDIUM-HARD-MEDIUM,21-32,mid_safety_car,5060.333582276203,5.001891023712233,0.34550000000000003,False,2,MEDIUM,21.0,18.0,6.2010000000000005,26.0,9,-1,9.186412820474246,0.39071734052111406,5,Alternative scenario plan benchmark. Safety car window creates a cheaper stop opportunity around lap 21. High starting position penalty makes track position protection important. Projected finish: P9. Pit-cycle recovery probability: 0.39.
Japan,VER,Red Bull Racing,10,MEDIUM-HARD-SOFT,28-45,mid_safety_car,5075.3378426810605,20.006151428569865,0.49550000000000005,False,2,MEDIUM,28.0,9.0,6.2010000000000005,35.0,11,1,11.623998028571396,0.37513423180593,6,Alternative scenario plan benchmark. Safety car window creates a cheaper stop opportunity around lap 28. High starting position penalty makes track position protection important. Projected finish: P11. Pit-cycle recovery probability: 0.38.
Japan,VER,Red Bull Racing,10,MEDIUM-HARD,30,no_safety_car,5064.331691252491,0.0,0.2205,True,1,MEDIUM,,0.0,6.2010000000000005,22.0,9,-1,9.055125,0.3706274932614555,4,Best no-safety-car race time with one-stop strategy. High starting position penalty makes track position protection important. Projected finish: P9. Pit-cycle recovery probability: 0.37.
Japan,VER,Red Bull Racing,10,MEDIUM-HARD-MEDIUM,21-33,no_safety_car,5078.333137829189,14.001446576698072,0.34550000000000003,False,2,MEDIUM,,0.0,6.2010000000000005,44.0,12,2,12.56640393153396,0.3592887690925427,8,Alternative scenario plan benchmark. High starting position penalty makes track position protection important. Projected finish: P12. Pit-cycle recovery probability: 0.36.
Japan,VER,Red Bull Racing,10,MEDIUM-HARD-SOFT,28-45,no_safety_car,5084.3378426810605,20.006151428569865,0.49550000000000005,False,2,MEDIUM,,0.0,6.2010000000000005,44.0,12,2,12.723998028571396,0.35418185085354903,8,Alternative scenario plan benchmark. High starting position penalty makes track position protection important. Projected finish: P12. Pit-cycle recovery probability: 0.35.
